SEASON_ID,TEAM_ID,TEAM_ABBREVIATION,TEAM_NAME,GAME_ID,GAME_DATE,MATCHUP,WL,MIN,FGM,FGA,FG_PCT,FG3M,FG3A,FG3_PCT,FTM,FTA,FT_PCT,OREB,DREB,REB,AST,STL,BLK,TOV,PF,PTS,PLUS_MINUS,VIDEO_AVAILABLE
21963,1610612737,STL,St. Louis Hawks,0026300003,1963-10-16,STL vs. CIN,L,0,36,,,,,,21,,,,,,,,,,,93,-19,0
21963,1610612758,CIN,Cincinnati Royals,0026300003,1963-10-16,CIN @ STL,W,0,41,,,,,,30,,,,,,,,,,,112,19,0
21963,1610612755,PHL,Philadelphia 76ers,0026300001,1963-10-16,PHL @ DET,W,0,44,,,,,,29,,,,,,,,,,,117,2,0
21963,1610612765,DET,Detroit Pistons,0026300001,1963-10-16,DET vs. PHL,L,0,45,,,,,,25,,,,,,,,,,,115,-2,0
21963,1610612738,BOS,Boston Celtics,0026300002,1963-10-16,BOS @ BLT,W,0,43,,,,,,23,,,,,,,,,,,109,14,0
21963,1610612764,BLT,Baltimore Bullets,0026300002,1963-10-16,BLT vs. BOS,L,0,37,,,,,,21,,,,,,,,,,,95,-14,0
21963,1610612752,NYK,New York Knicks,0026300004,1963-10-17,NYK vs. BLT,L,0,45,,,,,,23,47.0,0.489,,,,,,,,,113,-2,0
21963,1610612764,BLT,Baltimore Bullets,0026300004,1963-10-17,BLT @ NYK,W,0,40,,,,,,35,55.0,0.636,,,,,,,,,115,2,0
21963,1610612738,BOS,Boston Celtics,0026300005,1963-10-17,BOS @ CIN,W,0,35,,,,,,23,37.0,0.622,,,,,,,,,93,1,0
21963,1610612758,CIN,Cincinnati Royals,0026300005,1963-10-17,CIN vs. BOS,L,0,35,,,,,,22,33.0,0.667,,,,,,,,,92,-1,0
21963,1610612764,BLT,Baltimore Bullets,0026300008,1963-10-19,BLT vs. SFW,L,0,44,,,,,,14,25.0,0.56,,,,,,,,,102,-1,0
21963,1610612744,SFW,San Francisco Warriors,0026300008,1963-10-19,SFW @ BLT,W,0,43,,,,,,17,30.0,0.567,,,,,,,,,103,1,0
21963,1610612747,LAL,Los Angeles Lakers,0026300007,1963-10-19,LAL @ STL,L,0,39,,,,,,30,38.0,0.789,,,,,,,,,108,-9,0
21963,1610612737,STL,St. Louis Hawks,0026300007,1963-10-19,STL vs. LAL,W,0,41,,,,,,35,43.0,0.814,,,,,,,,,117,9,0
21963,1610612755,PHL,Philadelphia 76ers,0026300006,1963-10-19,PHL vs. DET,L,0,42,,,,,,37,42.0,0.881,,,,,,,,,121,-3,0
21963,1610612765,DET,Detroit Pistons,0026300006,1963-10-19,DET @ PHL,W,0,45,,,,,,34,41.0,0.829,,,,,,,,,124,3,0
21963,1610612758,CIN,Cincinnati Royals,0026300009,1963-10-19,CIN vs. NYK,W,0,44,,,,,,33,44.0,0.75,,,,,,,,,121,24,0
21963,1610612752,NYK,New York Knicks,0026300009,1963-10-19,NYK @ CIN,L,0,37,,,,,,23,41.0,0.561,,,,,,,,,97,-24,0
21963,1610612752,NYK,New York Knicks,0026300010,1963-10-22,NYK vs. LAL,L,0,41,,,,,,35,56.0,0.625,,,,,,,,,117,-13,0
21963,1610612747,LAL,Los Angeles Lakers,0026300010,1963-10-22,LAL @ NYK,W,0,41,,,,,,48,61.0,0.787,,,,,,,,,130,13,0
21963,1610612758,CIN,Cincinnati Royals,0026300011,1963-10-22,CIN vs. SFW,W,0,33,,,,,,37,44.0,0.841,,,,,,,,,103,6,0
21963,1610612744,SFW,San Francisco Warriors,0026300011,1963-10-22,SFW @ CIN,L,0,34,,,,,,29,39.0,0.744,,,,,,,,,97,-6,0
21963,1610612744,SFW,San Francisco Warriors,0026300014,1963-10-23,SFW @ STL,W,0,40,,,,,,19,32.0,0.594,,,,,,,,,99,4,0
21963,1610612737,STL,St. Louis Hawks,0026300014,1963-10-23,STL vs. SFW,L,0,33,,,,,,29,38.0,0.763,,,,,,,,,95,-4,0
21963,1610612747,LAL,Los Angeles Lakers,0026300012,1963-10-23,LAL @ DET,W,0,44,,,,,,36,44.0,0.818,,,,,,,,,124,8,0
21963,1610612765,DET,Detroit Pistons,0026300012,1963-10-23,DET vs. LAL,L,0,47,,,,,,22,28.0,0.786,,,,,,,,,116,-8,0
21963,1610612752,NYK,New York Knicks,0026300013,1963-10-23,NYK @ BLT,L,0,35,,,,,,36,49.0,0.735,,,,,,,,,106,-9,0
21963,1610612764,BLT,Baltimore Bullets,0026300013,1963-10-23,BLT vs. NYK,W,0,41,,,,,,33,55.0,0.6,,,,,,,,,115,9,0
21963,1610612752,NYK,New York Knicks,0026300015,1963-10-25,NYK @ PHL,W,0,51,,,,,,34,47.0,0.723,,,,,,,,,136,24,0
21963,1610612755,PHL,Philadelphia 76ers,0026300015,1963-10-25,PHL vs. NYK,L,0,37,,,,,,38,45.0,0.844,,,,,,,,,112,-24,0
21963,1610612758,CIN,Cincinnati Royals,0026300016,1963-10-25,CIN vs. LAL,L,0,41,,,,,,27,34.0,0.794,,,,,,,,,109,-13,0
21963,1610612747,LAL,Los Angeles Lakers,0026300016,1963-10-25,LAL @ CIN,W,0,47,,,,,,28,41.0,0.683,,,,,,,,,122,13,0
21963,1610612765,DET,Detroit Pistons,0026300018,1963-10-26,DET @ STL,L,0,38,,,,,,27,37.0,0.73,,,,,,,,,103,-24,0
21963,1610612737,STL,St. Louis Hawks,0026300018,1963-10-26,STL vs. DET,W,0,49,,,,,,29,38.0,0.763,,,,,,,,,127,24,0
21963,1610612764,BLT,Baltimore Bullets,0026300017,1963-10-26,BLT @ BOS,L,0,39,,,,,,30,40.0,0.75,,,,,,,,,108,-15,0
21963,1610612738,BOS,Boston Celtics,0026300017,1963-10-26,BOS vs. BLT,W,0,51,,,,,,21,30.0,0.7,,,,,,,,,123,15,0
21963,1610612744,SFW,San Francisco Warriors,0026300020,1963-10-26,SFW vs. CIN,W,0,38,,,,,,26,36.0,0.722,,,,,,,,,102,3,0
21963,1610612758,CIN,Cincinnati Royals,0026300020,1963-10-26,CIN @ SFW,L,0,40,,,,,,19,26.0,0.731,,,,,,,,,99,-3,0
21963,1610612752,NYK,New York Knicks,0026300019,1963-10-26,NYK vs. PHL,W,0,43,,,,,,23,31.0,0.742,,,,,,,,,109,8,0
21963,1610612755,PHL,Philadelphia 76ers,0026300019,1963-10-26,PHL @ NYK,L,0,36,,,,,,29,37.0,0.784,,,,,,,,,101,-8,0
21963,1610612737,STL,St. Louis Hawks,0026300021,1963-10-27,STL @ BLT,W,0,51,,,,,,21,28.0,0.75,,,,,,,,,123,11,0
21963,1610612764,BLT,Baltimore Bullets,0026300021,1963-10-27,BLT vs. STL,L,0,41,,,,,,30,42.0,0.714,,,,,,,,,112,-11,0
21963,1610612758,CIN,Cincinnati Royals,0026300023,1963-10-29,CIN @ SFW,W,0,40,,,,,,28,38.0,0.737,,,58.0,32.0,,,,29.0,108,7,0
21963,1610612744,SFW,San Francisco Warriors,0026300023,1963-10-29,SFW vs. CIN,L,0,40,,,,,,21,34.0,0.618,,,49.0,34.0,,,,27.0,101,-7,0
21963,1610612752,NYK,New York Knicks,0026300022,1963-10-29,NYK vs. STL,L,0,40,,,,,,23,46.0,0.5,,,,,,,,,103,-6,0
21963,1610612737,STL,St. Louis Hawks,0026300022,1963-10-29,STL @ NYK,W,0,40,,,,,,29,43.0,0.674,,,,,,,,,109,6,0
21963,1610612747,LAL,Los Angeles Lakers,0026300025,1963-10-30,LAL vs. CIN,L,0,37,,,,,,33,43.0,0.767,,,,,,,,,107,-8,0
21963,1610612758,CIN,Cincinnati Royals,0026300025,1963-10-30,CIN @ LAL,W,0,49,,,,,,17,28.0,0.607,,,,,,,,,115,8,0
21963,1610612737,STL,St. Louis Hawks,0026300026,1963-10-30,STL vs. NYK,W,0,48,,,,,,25,33.0,0.758,,,,,,,,,121,17,0
21963,1610612752,NYK,New York Knicks,0026300026,1963-10-30,NYK @ STL,L,0,39,,,,,,26,35.0,0.743,,,,,,,,,104,-17,0
21963,1610612765,DET,Detroit Pistons,0026300027,1963-10-30,DET vs. BOS,L,0,42,,,,,,18,24.0,0.75,,,,,,,,,102,-6,0
21963,1610612738,BOS,Boston Celtics,0026300027,1963-10-30,BOS @ DET,W,0,44,,,,,,20,30.0,0.667,,,,,,,,,108,6,0
21963,1610612755,PHL,Philadelphia 76ers,0026300024,1963-10-30,PHL @ BLT,W,0,45,,,,,,21,30.0,0.7,,,,,,,,,111,3,0
21963,1610612764,BLT,Baltimore Bullets,0026300024,1963-10-30,BLT vs. PHL,L,0,38,,,,,,32,41.0,0.78,,,,,,,,,108,-3,0
21963,1610612758,CIN,Cincinnati Royals,0026300028,1963-11-01,CIN @ LAL,L,0,41,99.0,0.414,,,,30,42.0,0.714,,,68.0,,,,,33.0,112,-10,0
21963,1610612747,LAL,Los Angeles Lakers,0026300028,1963-11-01,LAL vs. CIN,W,0,45,98.0,0.459,,,,32,47.0,0.681,,,50.0,,,,,31.0,122,10,0
21963,1610612755,PHL,Philadelphia 76ers,0026300029,1963-11-01,PHL vs. BOS,L,0,37,,,,,,28,41.0,0.683,,,,,,,,,102,-17,0
21963,1610612738,BOS,Boston Celtics,0026300029,1963-11-01,BOS @ PHL,W,0,49,,,,,,21,28.0,0.75,,,,,,,,,119,17,0
21963,1610612737,STL,St. Louis Hawks,0026300033,1963-11-02,STL vs. PHL,W,0,51,,,,,,26,35.0,0.743,,,,,,,,,128,29,0
21963,1610612755,PHL,Philadelphia 76ers,0026300033,1963-11-02,PHL @ STL,L,0,37,,,,,,25,34.0,0.735,,,,,,,,,99,-29,0
21963,1610612738,BOS,Boston Celtics,0026300030,1963-11-02,BOS vs. DET,W,0,44,,,,,,29,35.0,0.829,,,,,,,,,117,8,0
21963,1610612765,DET,Detroit Pistons,0026300030,1963-11-02,DET @ BOS,L,0,41,,,,,,27,35.0,0.771,,,,,,,,,109,-8,0
21963,1610612744,SFW,San Francisco Warriors,0026300032,1963-11-02,SFW vs. LAL,W,0,51,,,,,,16,30.0,0.533,,,,,,,,,118,19,0
21963,1610612747,LAL,Los Angeles Lakers,0026300032,1963-11-02,LAL @ SFW,L,0,34,,,,,,31,34.0,0.912,,,,,,,,,99,-19,0
21963,1610612752,NYK,New York Knicks,0026300031,1963-11-02,NYK vs. BLT,W,0,46,,,,,,31,39.0,0.795,,,,,,,,,123,18,0
21963,1610612764,BLT,Baltimore Bullets,0026300031,1963-11-02,BLT @ NYK,L,0,35,,,,,,35,40.0,0.875,,,,,,,,,105,-18,0
21963,1610612758,CIN,Cincinnati Royals,0026300034,1963-11-03,CIN vs. PHL,W,0,34,,,,,,27,40.0,0.675,,,,,,,,,95,2,0
21963,1610612755,PHL,Philadelphia 76ers,0026300034,1963-11-03,PHL @ CIN,L,0,33,,,,,,27,36.0,0.75,,,,,,,,,93,-2,0
21963,1610612747,LAL,Los Angeles Lakers,0026300037,1963-11-06,LAL vs. NYK,W,0,42,,,,,,27,34.0,0.794,,,,,,,,,111,2,0
21963,1610612752,NYK,New York Knicks,0026300037,1963-11-06,NYK @ LAL,L,0,44,,,,,,21,33.0,0.636,,,,,,,,,109,-2,0
21963,1610612738,BOS,Boston Celtics,0026300035,1963-11-06,BOS vs. CIN,W,0,61,,,,,,17,26.0,0.654,,,,,,,,,139,18,0
21963,1610612758,CIN,Cincinnati Royals,0026300035,1963-11-06,CIN @ BOS,L,0,44,,,,,,33,44.0,0.75,,,,,,,,,121,-18,0
21963,1610612765,DET,Detroit Pistons,0026300038,1963-11-06,DET vs. PHL,W,0,45,,,,,,29,39.0,0.744,,,,,,,,,119,18,0
21963,1610612755,PHL,Philadelphia 76ers,0026300038,1963-11-06,PHL @ DET,L,0,39,,,,,,23,34.0,0.676,,,,,,,,,101,-18,0
21963,1610612737,STL,St. Louis Hawks,0026300036,1963-11-06,STL @ BLT,W,0,45,,,,,,22,24.0,0.917,,,,,,,,,112,2,0
21963,1610612764,BLT,Baltimore Bullets,0026300036,1963-11-06,BLT vs. STL,L,0,45,,,,,,20,30.0,0.667,,,,,,,,,110,-2,0
21963,1610612744,SFW,San Francisco Warriors,0026300039,1963-11-07,SFW vs. NYK,W,0,44,,,,,,22,36.0,0.611,,,,,,,,,110,22,0
21963,1610612752,NYK,New York Knicks,0026300039,1963-11-07,NYK @ SFW,L,0,33,,,,,,22,29.0,0.759,,,,,,,,,88,-22,0
21963,1610612747,LAL,Los Angeles Lakers,0026300042,1963-11-08,LAL vs. SFW,W,0,31,,,,,,31,43.0,0.721,,,,,,,,,93,3,0
21963,1610612744,SFW,San Francisco Warriors,0026300042,1963-11-08,SFW @ LAL,L,0,35,,,,,,20,34.0,0.588,,,,,,,,,90,-3,0
21963,1610612755,PHL,Philadelphia 76ers,0026300041,1963-11-08,PHL vs. STL,W,0,40,,,,,,28,36.0,0.778,,,,,,,,,108,2,0
21963,1610612737,STL,St. Louis Hawks,0026300041,1963-11-08,STL @ PHL,L,0,36,,,,,,34,39.0,0.872,,,,,,,,,106,-2,0
21963,1610612738,BOS,Boston Celtics,0026300040,1963-11-08,BOS @ CIN,L,0,41,,,,,,33,38.0,0.868,,,,,,,,,115,-1,0
21963,1610612758,CIN,Cincinnati Royals,0026300040,1963-11-08,CIN vs. BOS,W,0,41,,,,,,34,43.0,0.791,,,,,,,,,116,1,0
21963,1610612737,STL,St. Louis Hawks,0026300045,1963-11-09,STL vs. BOS,L,0,32,,,,,,27,33.0,0.818,,,,,,,,,91,-22,0
21963,1610612738,BOS,Boston Celtics,0026300045,1963-11-09,BOS @ STL,W,0,40,,,,,,33,43.0,0.767,,,,,,,,,113,22,0
21963,1610612752,NYK,New York Knicks,0026300046,1963-11-09,NYK @ SFW,W,0,35,,,,,,19,30.0,0.633,,,,,,,,,89,5,0
21963,1610612744,SFW,San Francisco Warriors,0026300046,1963-11-09,SFW vs. NYK,L,0,30,,,,,,24,40.0,0.6,,,,,,,,,84,-5,0
21963,1610612755,PHL,Philadelphia 76ers,0026300044,1963-11-09,PHL @ BLT,L,0,39,,,,,,22,37.0,0.595,,,,,,,,,100,-16,0
21963,1610612764,BLT,Baltimore Bullets,0026300044,1963-11-09,BLT vs. PHL,W,0,43,,,,,,30,39.0,0.769,,,,,,,,,116,16,0
21963,1610612758,CIN,Cincinnati Royals,0026300043,1963-11-09,CIN vs. DET,W,0,41,,,,,,36,49.0,0.735,,,,,,,,,118,9,0
21963,1610612765,DET,Detroit Pistons,0026300043,1963-11-09,DET @ CIN,L,0,43,,,,,,23,32.0,0.719,,,,,,,,,109,-9,0
21963,1610612752,NYK,New York Knicks,0026300047,1963-11-10,NYK @ LAL,L,0,34,,,,,,11,23.0,0.478,,,,,,,,,79,-25,0
21963,1610612747,LAL,Los Angeles Lakers,0026300047,1963-11-10,LAL vs. NYK,W,0,38,,,,,,28,35.0,0.8,,,,,,,,,104,25,0
21963,1610612738,BOS,Boston Celtics,0026300048,1963-11-11,BOS vs. STL,W,0,45,,,,,,26,32.0,0.813,,,,,,,,,116,6,0
21963,1610612737,STL,St. Louis Hawks,0026300048,1963-11-11,STL @ BOS,L,0,43,,,,,,24,41.0,0.585,,,,,,,,,110,-6,0
21963,1610612765,DET,Detroit Pistons,0026300049,1963-11-11,DET vs. LAL,W,0,48,,,,,,20,26.0,0.769,,,,,,,,,116,7,0
21963,1610612747,LAL,Los Angeles Lakers,0026300049,1963-11-11,LAL @ DET,L,0,43,,,,,,23,29.0,0.793,,,,,,,,,109,-7,0
21963,1610612744,SFW,San Francisco Warriors,0026300050,1963-11-12,SFW @ PHL,L,0,38,,,,,,26,44.0,0.591,,,,,,,,,102,-4,0
21963,1610612755,PHL,Philadelphia 76ers,0026300050,1963-11-12,PHL vs. SFW,W,0,39,,,,,,28,41.0,0.683,,,,,,,,,106,4,0
21963,1610612738,BOS,Boston Celtics,0026300051,1963-11-13,BOS vs. LAL,W,0,46,,,,,,22,29.0,0.759,,,,,,,,,114,4,0
21963,1610612747,LAL,Los Angeles Lakers,0026300051,1963-11-13,LAL @ BOS,L,0,43,,,,,,24,31.0,0.774,,,,,,,,,110,-4,0
21963,1610612737,STL,St. Louis Hawks,0026300052,1963-11-13,STL @ NYK,L,0,37,,,,,,28,36.0,0.778,,,,,,,,,102,-4,0
21963,1610612752,NYK,New York Knicks,0026300052,1963-11-13,NYK vs. STL,W,0,37,,,,,,32,40.0,0.8,,,,,,,,,106,4,0
21963,1610612758,CIN,Cincinnati Royals,0026300053,1963-11-13,CIN vs. SFW,L,0,36,,,,,,20,28.0,0.714,,,,,,,,,92,-6,0
21963,1610612744,SFW,San Francisco Warriors,0026300053,1963-11-13,SFW @ CIN,W,0,39,,,,,,20,28.0,0.714,,,,,,,,,98,6,0
21963,1610612737,STL,St. Louis Hawks,0026300055,1963-11-14,STL vs. SFW,W,0,49,,,,,,19,26.0,0.731,,,,,,,,,117,12,0
21963,1610612744,SFW,San Francisco Warriors,0026300055,1963-11-14,SFW @ STL,L,0,37,,,,,,31,49.0,0.633,,,,,,,,,105,-12,0
21963,1610612764,BLT,Baltimore Bullets,0026300054,1963-11-14,BLT vs. LAL,L,0,44,,,,,,27,33.0,0.818,,,,,,,,,115,-8,0
21963,1610612747,LAL,Los Angeles Lakers,0026300054,1963-11-14,LAL @ BLT,W,0,49,,,,,,25,32.0,0.781,,,,,,,,,123,8,0
21963,1610612752,NYK,New York Knicks,0026300056,1963-11-15,NYK @ BOS,L,0,50,,,,,,16,22.0,0.727,,,,,,,,,116,-17,0
21963,1610612738,BOS,Boston Celtics,0026300056,1963-11-15,BOS vs. NYK,W,0,52,,,,,,29,40.0,0.725,,,,,,,,,133,17,0
21963,1610612744,SFW,San Francisco Warriors,0026300057,1963-11-15,SFW vs. DET,L,0,39,,,,,,20,32.0,0.625,,,,,,,,,98,-3,0
21963,1610612765,DET,Detroit Pistons,0026300057,1963-11-15,DET @ SFW,W,0,37,,,,,,27,35.0,0.771,,,,,,,,,101,3,0
21963,1610612747,LAL,Los Angeles Lakers,0026300058,1963-11-15,LAL @ PHL,L,0,36,,,,,,25,36.0,0.694,,,,,,,,,97,-2,0
21963,1610612755,PHL,Philadelphia 76ers,0026300058,1963-11-15,PHL vs. LAL,W,0,41,,,,,,17,24.0,0.708,,,,,,,,,99,2,0
21963,1610612747,LAL,Los Angeles Lakers,0026300061,1963-11-16,LAL vs. DET,W,0,42,,,,,,31,37.0,0.838,,,,,,,,,115,20,0
21963,1610612765,DET,Detroit Pistons,0026300061,1963-11-16,DET @ LAL,L,0,39,,,,,,17,21.0,0.81,,,,,,,,,95,-20,0
21963,1610612737,STL,St. Louis Hawks,0026300060,1963-11-16,STL vs. BLT,W,0,42,,,,,,31,38.0,0.816,,,,,,,,,115,3,0
21963,1610612764,BLT,Baltimore Bullets,0026300060,1963-11-16,BLT @ STL,L,0,44,,,,,,24,40.0,0.6,,,,,,,,,112,-3,0
21963,1610612758,CIN,Cincinnati Royals,0026300059,1963-11-16,CIN @ NYK,L,0,41,,,,,,32,45.0,0.711,,,,,,,,,114,-8,0
21963,1610612752,NYK,New York Knicks,0026300059,1963-11-16,NYK vs. CIN,W,0,46,,,,,,30,38.0,0.789,,,,,,,,,122,8,0
21963,1610612737,STL,St. Louis Hawks,0026300062,1963-11-17,STL @ LAL,W,0,49,,,,,,19,23.0,0.826,,,,,,,,,117,5,0
21963,1610612747,LAL,Los Angeles Lakers,0026300062,1963-11-17,LAL vs. STL,L,0,41,,,,,,30,39.0,0.769,,,,,,,,,112,-5,0
21963,1610612744,SFW,San Francisco Warriors,0026300064,1963-11-17,SFW vs. DET,W,0,48,,,,,,24,32.0,0.75,,,,,,,,,120,24,0
21963,1610612765,DET,Detroit Pistons,0026300064,1963-11-17,DET @ SFW,L,0,36,,,,,,24,30.0,0.8,,,,,,,,,96,-24,0
21963,1610612758,CIN,Cincinnati Royals,0026300063,1963-11-17,CIN vs. BLT,W,0,42,,,,,,26,34.0,0.765,,,,,,,,,110,1,0
21963,1610612764,BLT,Baltimore Bullets,0026300063,1963-11-17,BLT @ CIN,L,0,42,,,,,,25,31.0,0.806,,,,,,,,,109,-1,0
21963,1610612765,DET,Detroit Pistons,0026300065,1963-11-19,DET @ CIN,L,0,41,,,,,,20,28.0,0.714,,,,,,,,,102,-25,0
21963,1610612758,CIN,Cincinnati Royals,0026300065,1963-11-19,CIN vs. DET,W,0,46,,,,,,35,46.0,0.761,,,,,,,,,127,25,0
21963,1610612744,SFW,San Francisco Warriors,0026300067,1963-11-19,SFW vs. STL,W,0,56,,,,,,17,29.0,0.586,,,,,,,,,129,33,0
21963,1610612737,STL,St. Louis Hawks,0026300067,1963-11-19,STL @ SFW,L,0,44,,,,,,8,12.0,0.667,,,,,,,,,96,-33,0
21963,1610612752,NYK,New York Knicks,0026300066,1963-11-19,NYK vs. BOS,L,0,37,,,,,,24,37.0,0.649,,,,,,,,,98,-28,0
21963,1610612738,BOS,Boston Celtics,0026300066,1963-11-19,BOS @ NYK,W,0,52,,,,,,22,29.0,0.759,,,,,,,,,126,28,0
21963,1610612765,DET,Detroit Pistons,0026300068,1963-11-20,DET vs. CIN,W,0,47,,,,,,30,39.0,0.769,,,,,,,,,124,6,0
21963,1610612758,CIN,Cincinnati Royals,0026300068,1963-11-20,CIN @ DET,L,0,42,,,,,,34,40.0,0.85,,,,,,,,,118,-6,0
21963,1610612755,PHL,Philadelphia 76ers,0026300069,1963-11-20,PHL vs. NYK,W,0,41,,,,,,36,44.0,0.818,,,,,,,,,118,17,0
21963,1610612752,NYK,New York Knicks,0026300069,1963-11-20,NYK @ PHL,L,0,38,,,,,,25,38.0,0.658,,,,,,,,,101,-17,0
21963,1610612747,LAL,Los Angeles Lakers,0026300070,1963-11-21,LAL vs. STL,W,0,44,,,,,,23,30.0,0.767,,,,,,,,,111,12,0
21963,1610612737,STL,St. Louis Hawks,0026300070,1963-11-21,STL @ LAL,L,0,42,,,,,,15,24.0,0.625,,,,,,,,,99,-12,0
21963,1610612758,CIN,Cincinnati Royals,0026300071,1963-11-23,CIN @ STL,L,0,47,,,,,,27,37.0,0.73,,,,,,,,,121,-12,0
21963,1610612737,STL,St. Louis Hawks,0026300071,1963-11-23,STL vs. CIN,W,0,52,,,,,,29,38.0,0.763,,,,,,,,,133,12,0
21963,1610612752,NYK,New York Knicks,0026300072,1963-11-23,NYK vs. DET,W,0,43,,,,,,22,32.0,0.688,,,,,,,,,108,9,0
21963,1610612765,DET,Detroit Pistons,0026300072,1963-11-23,DET @ NYK,L,0,39,,,,,,21,26.0,0.808,,,,,,,,,99,-9,0
21963,1610612758,CIN,Cincinnati Royals,0026300073,1963-11-24,CIN vs. STL,W,0,45,,,,,,32,47.0,0.681,,,,,,,,,122,9,0
21963,1610612737,STL,St. Louis Hawks,0026300073,1963-11-24,STL @ CIN,L,0,42,,,,,,29,39.0,0.744,,,,,,,,,113,-9,0
21963,1610612744,SFW,San Francisco Warriors,0026300076,1963-11-26,SFW @ CIN,L,0,43,,,,,,26,36.0,0.722,,,,,,,,,112,-11,0
21963,1610612758,CIN,Cincinnati Royals,0026300076,1963-11-26,CIN vs. SFW,W,0,48,,,,,,27,34.0,0.794,,,,,,,,,123,11,0
21963,1610612752,NYK,New York Knicks,0026300075,1963-11-26,NYK vs. LAL,L,0,44,,,,,,20,33.0,0.606,,,,,,,,,112,-7,0
21963,1610612747,LAL,Los Angeles Lakers,0026300075,1963-11-26,LAL @ NYK,W,0,44,,,,,,31,37.0,0.838,,,,,,,,,119,7,0
21963,1610612755,PHL,Philadelphia 76ers,0026300074,1963-11-26,PHL vs. BLT,W,0,48,,,,,,19,24.0,0.792,,,,,,,,,115,2,0
21963,1610612764,BLT,Baltimore Bullets,0026300074,1963-11-26,BLT @ PHL,L,0,46,,,,,,21,36.0,0.583,,,,,,,,,113,-2,0
21963,1610612752,NYK,New York Knicks,0026300079,1963-11-27,NYK @ SFW,L,0,39,,,,,,11,22.0,0.5,,,,,,,,,89,-29,0
21963,1610612744,SFW,San Francisco Warriors,0026300079,1963-11-27,SFW vs. NYK,W,0,50,,,,,,18,26.0,0.692,,,,,,,,,118,29,0
21963,1610612747,LAL,Los Angeles Lakers,0026300080,1963-11-27,LAL @ BOS,L,0,27,,,,,,24,35.0,0.686,,,,,,,,,78,-36,0
21963,1610612738,BOS,Boston Celtics,0026300080,1963-11-27,BOS vs. LAL,W,0,44,,,,,,26,35.0,0.743,,,,,,,,,114,36,0
21963,1610612737,STL,St. Louis Hawks,0026300078,1963-11-27,STL @ DET,W,0,39,,,,,,35,44.0,0.795,,,,,,,,,113,8,0
21963,1610612765,DET,Detroit Pistons,0026300078,1963-11-27,DET vs. STL,L,0,39,,,,,,27,36.0,0.75,,,,,,,,,105,-8,0
21963,1610612758,CIN,Cincinnati Royals,0026300077,1963-11-27,CIN @ BLT,W,0,44,,,,,,34,41.0,0.829,,,,,,,,,122,3,0
21963,1610612764,BLT,Baltimore Bullets,0026300077,1963-11-27,BLT vs. CIN,L,0,48,,,,,,23,36.0,0.639,,,,,,,,,119,-3,0
21963,1610612765,DET,Detroit Pistons,0026300082,1963-11-28,DET @ STL,L,0,37,,,,,,27,36.0,0.75,,,,,,,,,101,-17,0
21963,1610612737,STL,St. Louis Hawks,0026300082,1963-11-28,STL vs. DET,W,0,43,,,,,,32,42.0,0.762,,,,,,,,,118,17,0
21963,1610612755,PHL,Philadelphia 76ers,0026300081,1963-11-28,PHL vs. CIN,L,0,43,,,,,,24,32.0,0.75,,,,,,,,,110,-15,0
21963,1610612758,CIN,Cincinnati Royals,0026300081,1963-11-28,CIN @ PHL,W,0,51,,,,,,23,33.0,0.697,,,,,,,,,125,15,0
21963,1610612738,BOS,Boston Celtics,0026300086,1963-11-29,BOS vs. PHL,W,0,44,,,,,,24,30.0,0.8,,,,,,,,,112,34,0
21963,1610612755,PHL,Philadelphia 76ers,0026300086,1963-11-29,PHL @ BOS,L,0,30,,,,,,18,28.0,0.643,,,,,,,,,78,-34,0
21963,1610612765,DET,Detroit Pistons,0026300083,1963-11-29,DET vs. LAL,L,0,44,,,,,,23,28.0,0.821,,,,,,,,,111,-16,0
21963,1610612747,LAL,Los Angeles Lakers,0026300083,1963-11-29,LAL @ DET,W,0,50,,,,,,27,37.0,0.73,,,,,,,,,127,16,0
21963,1610612764,BLT,Baltimore Bullets,0026300085,1963-11-29,BLT vs. SFW,W,0,37,,,,,,26,37.0,0.703,,,,,,,,,100,1,0
21963,1610612744,SFW,San Francisco Warriors,0026300085,1963-11-29,SFW @ BLT,L,0,37,,,,,,25,33.0,0.758,,,,,,,,,99,-1,0
21963,1610612758,CIN,Cincinnati Royals,0026300084,1963-11-29,CIN vs. NYK,W,0,55,,,,,,25,35.0,0.714,,,,,,,,,135,25,0
21963,1610612752,NYK,New York Knicks,0026300084,1963-11-29,NYK @ CIN,L,0,42,,,,,,26,36.0,0.722,,,,,,,,,110,-25,0
21963,1610612765,DET,Detroit Pistons,0026300088,1963-11-30,DET @ BLT,L,0,35,,,,,,31,43.0,0.721,,,,,,,,,101,-19,0
21963,1610612764,BLT,Baltimore Bullets,0026300088,1963-11-30,BLT vs. DET,W,0,45,,,,,,30,45.0,0.667,,,,,,,,,120,19,0
21963,1610612737,STL,St. Louis Hawks,0026300089,1963-11-30,STL vs. LAL,L,0,37,,,,,,22,28.0,0.786,,,,,,,,,96,-1,0
21963,1610612747,LAL,Los Angeles Lakers,0026300089,1963-11-30,LAL @ STL,W,0,35,,,,,,27,37.0,0.73,,,,,,,,,97,1,0
21963,1610612738,BOS,Boston Celtics,0026300090,1963-11-30,BOS vs. SFW,W,0,47,,,,,,15,24.0,0.625,,,,,,,,,109,13,0
21963,1610612744,SFW,San Francisco Warriors,0026300090,1963-11-30,SFW @ BOS,L,0,40,,,,,,16,26.0,0.615,,,,,,,,,96,-13,0
21963,1610612755,PHL,Philadelphia 76ers,0026300087,1963-11-30,PHL @ NYK,W,0,51,,,,,,30,45.0,0.667,,,,,,,,,132,7,0
21963,1610612752,NYK,New York Knicks,0026300087,1963-11-30,NYK vs. PHL,L,0,48,,,,,,29,45.0,0.644,,,,,,,,,125,-7,0
21963,1610612755,PHL,Philadelphia 76ers,0026300091,1963-12-01,PHL vs. DET,W,0,49,,,,,,33,37.0,0.892,,,,,,,,,132,11,0
21963,1610612765,DET,Detroit Pistons,0026300091,1963-12-01,DET @ PHL,L,0,44,,,,,,33,38.0,0.868,,,,,,,,,121,-11,0
21963,1610612747,LAL,Los Angeles Lakers,0026300092,1963-12-01,LAL @ CIN,W,0,43,,,,,,28,41.0,0.683,,,,,,,,,114,5,0
21963,1610612758,CIN,Cincinnati Royals,0026300092,1963-12-01,CIN vs. LAL,L,0,42,,,,,,25,33.0,0.758,,,,,,,,,109,-5,0
21963,1610612752,NYK,New York Knicks,0026300093,1963-12-03,NYK vs. SFW,L,0,45,,,,,,18,37.0,0.486,,,,,,,,,108,-8,0
21963,1610612744,SFW,San Francisco Warriors,0026300093,1963-12-03,SFW @ NYK,W,0,42,,,,,,32,44.0,0.727,,,,,,,,,116,8,0
21963,1610612737,STL,St. Louis Hawks,0026300096,1963-12-04,STL vs. SFW,W,0,44,,,,,,17,26.0,0.654,,,,,,,,,105,22,0
21963,1610612744,SFW,San Francisco Warriors,0026300096,1963-12-04,SFW @ STL,L,0,36,,,,,,11,26.0,0.423,,,,,,,,,83,-22,0
21963,1610612765,DET,Detroit Pistons,0026300094,1963-12-04,DET vs. NYK,L,0,43,,,,,,33,45.0,0.733,,,,,,,,,119,-1,0
21963,1610612752,NYK,New York Knicks,0026300094,1963-12-04,NYK @ DET,W,0,43,,,,,,34,45.0,0.756,,,,,,,,,120,1,0
21963,1610612764,BLT,Baltimore Bullets,0026300095,1963-12-04,BLT vs. LAL,W,0,46,,,,,,26,34.0,0.765,,,,,,,,,118,20,0
21963,1610612747,LAL,Los Angeles Lakers,0026300095,1963-12-04,LAL @ BLT,L,0,37,,,,,,24,29.0,0.828,,,,,,,,,98,-20,0
21963,1610612737,STL,St. Louis Hawks,0026300098,1963-12-05,STL @ PHL,W,0,38,,,,,,30,38.0,0.789,,,,,,,,,106,3,0
21963,1610612755,PHL,Philadelphia 76ers,0026300098,1963-12-05,PHL vs. STL,L,0,40,,,,,,23,33.0,0.697,,,,,,,,,103,-3,0
21963,1610612738,BOS,Boston Celtics,0026300097,1963-12-05,BOS @ CIN,L,0,41,,,,,,26,28.0,0.929,,,,,,,,,108,-10,0
21963,1610612758,CIN,Cincinnati Royals,0026300097,1963-12-05,CIN vs. BOS,W,0,45,,,,,,28,31.0,0.903,,,,,,,,,118,10,0
21963,1610612764,BLT,Baltimore Bullets,0026300101,1963-12-06,BLT vs. NYK,W,0,45,,,,,,26,36.0,0.722,,,,,,,,,116,14,0
21963,1610612752,NYK,New York Knicks,0026300101,1963-12-06,NYK @ BLT,L,0,45,,,,,,12,22.0,0.545,,,,,,,,,102,-14,0
21963,1610612758,CIN,Cincinnati Royals,0026300100,1963-12-06,CIN @ BOS,L,0,42,,,,,,23,28.0,0.821,,,,,,,,,107,-5,0
21963,1610612738,BOS,Boston Celtics,0026300100,1963-12-06,BOS vs. CIN,W,0,44,,,,,,24,30.0,0.8,,,,,,,,,112,5,0
21963,1610612744,SFW,San Francisco Warriors,0026300102,1963-12-06,SFW vs. LAL,L,0,39,99.0,0.394,,,,25,42.0,0.595,,,62.0,28.0,,,,28.0,101,-9,0
21963,1610612747,LAL,Los Angeles Lakers,0026300102,1963-12-06,LAL @ SFW,W,0,42,103.0,0.408,,,,26,32.0,0.813,,,69.0,27.0,,,,32.0,110,9,0
21963,1610612737,STL,St. Louis Hawks,0026300099,1963-12-06,STL @ DET,L,0,41,,,,,,23,31.0,0.742,,,,,,,,,108,-4,0
21963,1610612765,DET,Detroit Pistons,0026300099,1963-12-06,DET vs. STL,W,0,42,,,,,,28,41.0,0.683,,,,,,,,,112,4,0
21963,1610612737,STL,St. Louis Hawks,0026300103,1963-12-07,STL vs. PHL,W,0,50,,,,,,29,39.0,0.744,,,,,,,,,129,9,0
21963,1610612755,PHL,Philadelphia 76ers,0026300103,1963-12-07,PHL @ STL,L,0,43,,,,,,34,39.0,0.872,,,,,,,,,120,-9,0
21963,1610612752,NYK,New York Knicks,0026300104,1963-12-07,NYK vs. CIN,L,0,43,,,,,,19,34.0,0.559,,,,,,,,,105,-11,0
21963,1610612758,CIN,Cincinnati Royals,0026300104,1963-12-07,CIN @ NYK,W,0,47,,,,,,22,27.0,0.815,,,,,,,,,116,11,0
21963,1610612738,BOS,Boston Celtics,0026300105,1963-12-07,BOS @ BLT,W,0,42,,,,,,30,39.0,0.769,,,,,,,,,114,17,0
21963,1610612764,BLT,Baltimore Bullets,0026300105,1963-12-07,BLT vs. BOS,L,0,31,,,,,,35,51.0,0.686,,,,,,,,,97,-17,0
21963,1610612747,LAL,Los Angeles Lakers,0026300107,1963-12-08,LAL vs. SFW,L,0,45,,,,,,22,31.0,0.71,,,,,,,,,112,-2,0
21963,1610612744,SFW,San Francisco Warriors,0026300107,1963-12-08,SFW @ LAL,W,0,43,,,,,,28,41.0,0.683,,,,,,,,,114,2,0
21963,1610612755,PHL,Philadelphia 76ers,0026300106,1963-12-08,PHL @ CIN,W,0,53,,,,,,20,24.0,0.833,,,,,,,,,126,10,0
21963,1610612758,CIN,Cincinnati Royals,0026300106,1963-12-08,CIN vs. PHL,L,0,40,,,,,,36,45.0,0.8,,,,,,,,,116,-10,0
21963,1610612747,LAL,Los Angeles Lakers,0026300108,1963-12-09,LAL vs. BLT,W,0,49,,,,,,35,40.0,0.875,,,,,,,,,134,14,0
21963,1610612764,BLT,Baltimore Bullets,0026300108,1963-12-09,BLT @ LAL,L,0,43,,,,,,34,51.0,0.667,,,,,,,,,120,-14,0
21963,1610612755,PHL,Philadelphia 76ers,0026300111,1963-12-10,PHL @ STL,L,0,37,,,,,,29,33.0,0.879,,,,,,,,,103,-10,0
21963,1610612737,STL,St. Louis Hawks,0026300111,1963-12-10,STL vs. PHL,W,0,46,,,,,,21,35.0,0.6,,,,,,,,,113,10,0
21963,1610612764,BLT,Baltimore Bullets,0026300110,1963-12-10,BLT @ SFW,L,0,47,,,,,,14,21.0,0.667,,,,,,,,,108,-9,0
21963,1610612744,SFW,San Francisco Warriors,0026300110,1963-12-10,SFW vs. BLT,W,0,48,,,,,,21,29.0,0.724,,,,,,,,,117,9,0
21963,1610612752,NYK,New York Knicks,0026300109,1963-12-10,NYK vs. BOS,L,0,42,,,,,,29,45.0,0.644,,,,,,,,,113,-19,0
21963,1610612738,BOS,Boston Celtics,0026300109,1963-12-10,BOS @ NYK,W,0,55,,,,,,22,29.0,0.759,,,,,,,,,132,19,0
21963,1610612738,BOS,Boston Celtics,0026300114,1963-12-11,BOS vs. STL,W,0,42,,,,,,20,33.0,0.606,,,,,,,,,104,9,0
21963,1610612737,STL,St. Louis Hawks,0026300114,1963-12-11,STL @ BOS,L,0,37,,,,,,21,29.0,0.724,,,,,,,,,95,-9,0
21963,1610612765,DET,Detroit Pistons,0026300112,1963-12-11,DET vs. CIN,L,0,43,,,,,,21,36.0,0.583,,,,,,,,,107,-20,0
21963,1610612758,CIN,Cincinnati Royals,0026300112,1963-12-11,CIN @ DET,W,0,53,,,,,,21,26.0,0.808,,,,,,,,,127,20,0
21963,1610612755,PHL,Philadelphia 76ers,0026300113,1963-12-11,PHL vs. NYK,W,0,36,,,,,,41,56.0,0.732,,,,,,,,,113,10,0
21963,1610612752,NYK,New York Knicks,0026300113,1963-12-11,NYK @ PHL,L,0,37,,,,,,29,42.0,0.69,,,,,,,,,103,-10,0
21963,1610612764,BLT,Baltimore Bullets,0026300115,1963-12-12,BLT @ LAL,L,0,41,,,,,,23,39.0,0.59,,,,,,,,,105,-15,0
21963,1610612747,LAL,Los Angeles Lakers,0026300115,1963-12-12,LAL vs. BLT,W,0,48,,,,,,24,32.0,0.75,,,,,,,,,120,15,0
21963,1610612758,CIN,Cincinnati Royals,0026300116,1963-12-12,CIN vs. NYK,W,0,42,,,,,,28,39.0,0.718,,,,,,,,,112,10,0
21963,1610612752,NYK,New York Knicks,0026300116,1963-12-12,NYK @ CIN,L,0,43,,,,,,16,34.0,0.471,,,,,,,,,102,-10,0
21963,1610612738,BOS,Boston Celtics,0026300118,1963-12-13,BOS @ PHL,W,0,45,,,,,,21,30.0,0.7,,,,,,,,,111,27,0
21963,1610612755,PHL,Philadelphia 76ers,0026300118,1963-12-13,PHL vs. BOS,L,0,33,,,,,,18,30.0,0.6,,,,,,,,,84,-27,0
21963,1610612764,BLT,Baltimore Bullets,0026300117,1963-12-13,BLT @ SFW,W,0,46,103.0,0.447,,,,24,32.0,0.75,,,57.0,14.0,,,,22.0,116,2,0
21963,1610612744,SFW,San Francisco Warriors,0026300117,1963-12-13,SFW vs. BLT,L,0,47,104.0,0.452,,,,20,32.0,0.625,,,67.0,11.0,,,,26.0,114,-2,0
21963,1610612747,LAL,Los Angeles Lakers,0026300120,1963-12-14,LAL vs. BLT,W,0,40,,,,,,33,40.0,0.825,,,,,,,,,113,5,0
21963,1610612764,BLT,Baltimore Bullets,0026300120,1963-12-14,BLT @ LAL,L,0,45,,,,,,18,27.0,0.667,,,,,,,,,108,-5,0
21963,1610612737,STL,St. Louis Hawks,0026300122,1963-12-14,STL vs. DET,W,0,41,,,,,,22,35.0,0.629,,,,,,,,,104,12,0
21963,1610612765,DET,Detroit Pistons,0026300122,1963-12-14,DET @ STL,L,0,32,,,,,,28,37.0,0.757,,,,,,,,,92,-12,0
21963,1610612758,CIN,Cincinnati Royals,0026300121,1963-12-14,CIN @ BOS,W,0,40,,,,,,28,36.0,0.778,,,,,,,,,108,3,0
21963,1610612738,BOS,Boston Celtics,0026300121,1963-12-14,BOS vs. CIN,L,0,38,,,,,,29,39.0,0.744,,,,,,,,,105,-3,0
21963,1610612755,PHL,Philadelphia 76ers,0026300119,1963-12-14,PHL @ NYK,W,0,47,,,,,,29,38.0,0.763,,,,,,,,,123,4,0
21963,1610612752,NYK,New York Knicks,0026300119,1963-12-14,NYK vs. PHL,L,0,50,,,,,,19,36.0,0.528,,,,,,,,,119,-4,0
21963,1610612737,STL,St. Louis Hawks,0026300124,1963-12-15,STL @ LAL,W,0,41,,,,,,20,28.0,0.714,,,,,,,,,102,7,0
21963,1610612747,LAL,Los Angeles Lakers,0026300124,1963-12-15,LAL vs. STL,L,0,35,,,,,,25,34.0,0.735,,,,,,,,,95,-7,0
21963,1610612744,SFW,San Francisco Warriors,0026300123,1963-12-15,SFW vs. BLT,W,0,53,,,,,,16,25.0,0.64,,,,,,,,,122,25,0
21963,1610612764,BLT,Baltimore Bullets,0026300123,1963-12-15,BLT @ SFW,L,0,41,,,,,,15,31.0,0.484,,,,,,,,,97,-25,0
21963,1610612764,BLT,Baltimore Bullets,0026300125,1963-12-17,BLT @ BOS,L,0,45,,,,,,24,36.0,0.667,,,,,,,,,114,-17,0
21963,1610612738,BOS,Boston Celtics,0026300125,1963-12-17,BOS vs. BLT,W,0,51,,,,,,29,39.0,0.744,,,,,,,,,131,17,0
21963,1610612737,STL,St. Louis Hawks,0026300126,1963-12-17,STL @ SFW,L,0,41,106.0,0.387,,,,24,29.0,0.828,,,52.0,30.0,,,,30.0,106,-4,0
21963,1610612744,SFW,San Francisco Warriors,0026300126,1963-12-17,SFW vs. STL,W,0,43,88.0,0.489,,,,24,40.0,0.6,,,68.0,25.0,,,,23.0,110,4,0
21963,1610612765,DET,Detroit Pistons,0026300127,1963-12-17,DET @ NYK,W,0,38,,,,,,31,48.0,0.646,,,,,,,,,107,4,0
21963,1610612752,NYK,New York Knicks,0026300127,1963-12-17,NYK vs. DET,L,0,35,,,,,,33,46.0,0.717,,,,,,,,,103,-4,0
21963,1610612737,STL,St. Louis Hawks,0026300130,1963-12-18,STL @ SFW,L,0,6,,,,,,24,30.0,0.8,,,,,,,,,96,-8,0
21963,1610612744,SFW,San Francisco Warriors,0026300130,1963-12-18,SFW vs. STL,W,0,39,,,,,,26,39.0,0.667,,,,,,,,,104,8,0
21963,1610612755,PHL,Philadelphia 76ers,0026300131,1963-12-18,PHL @ LAL,L,0,40,,,,,,16,23.0,0.696,,,,,,,,,96,-20,0
21963,1610612747,LAL,Los Angeles Lakers,0026300131,1963-12-18,LAL vs. PHL,W,0,48,,,,,,20,30.0,0.667,,,,,,,,,116,20,0
21963,1610612738,BOS,Boston Celtics,0026300128,1963-12-18,BOS vs. NYK,W,0,51,,,,,,31,43.0,0.721,,,,,,,,,133,22,0
21963,1610612752,NYK,New York Knicks,0026300128,1963-12-18,NYK @ BOS,L,0,44,,,,,,23,24.0,0.958,,,,,,,,,111,-22,0
21963,1610612765,DET,Detroit Pistons,0026300129,1963-12-18,DET vs. BLT,L,0,46,,,,,,15,19.0,0.789,,,,,,,,,107,-17,0
21963,1610612764,BLT,Baltimore Bullets,0026300129,1963-12-18,BLT @ DET,W,0,53,,,,,,18,26.0,0.692,,,,,,,,,124,17,0
21963,1610612752,NYK,New York Knicks,0026300132,1963-12-19,NYK @ BOS,L,0,58,,,,,,24,33.0,0.727,,,,,,,,,140,-3,0
21963,1610612738,BOS,Boston Celtics,0026300132,1963-12-19,BOS vs. NYK,W,0,56,,,,,,31,38.0,0.816,,,,,,,,,143,3,0
21963,1610612744,SFW,San Francisco Warriors,0026300133,1963-12-20,SFW vs. PHL,L,0,46,,,,,,20,36.0,0.556,,,,,,,,,112,-2,0
21963,1610612755,PHL,Philadelphia 76ers,0026300133,1963-12-20,PHL @ SFW,W,0,45,,,,,,24,30.0,0.8,,,,,,,,,114,2,0
21963,1610612758,CIN,Cincinnati Royals,0026300134,1963-12-20,CIN vs. BLT,W,0,40,,,,,,23,30.0,0.767,,,,,,,,,103,7,0
21963,1610612764,BLT,Baltimore Bullets,0026300134,1963-12-20,BLT @ CIN,L,0,37,,,,,,22,31.0,0.71,,,,,,,,,96,-7,0
21963,1610612747,LAL,Los Angeles Lakers,0026300136,1963-12-21,LAL vs. PHL,W,0,54,,,,,,18,29.0,0.621,,,,,,,,,126,13,0
21963,1610612755,PHL,Philadelphia 76ers,0026300136,1963-12-21,PHL @ LAL,L,0,42,,,,,,29,35.0,0.829,,,,,,,,,113,-13,0
21963,1610612752,NYK,New York Knicks,0026300135,1963-12-21,NYK vs. BOS,W,0,50,,,,,,27,32.0,0.844,,,,,,,,,127,10,0
21963,1610612738,BOS,Boston Celtics,0026300135,1963-12-21,BOS @ NYK,L,0,48,,,,,,21,27.0,0.778,,,,,,,,,117,-10,0
21963,1610612765,DET,Detroit Pistons,0026300138,1963-12-21,DET vs. STL,L,0,30,,,,,,31,49.0,0.633,,,,,,,,,91,-9,0
21963,1610612737,STL,St. Louis Hawks,0026300138,1963-12-21,STL @ DET,W,0,32,,,,,,36,48.0,0.75,,,,,,,,,100,9,0
21963,1610612764,BLT,Baltimore Bullets,0026300137,1963-12-21,BLT vs. CIN,W,0,40,,,,,,28,42.0,0.667,,,,,,,,,108,2,0
21963,1610612758,CIN,Cincinnati Royals,0026300137,1963-12-21,CIN @ BLT,L,0,41,,,,,,24,31.0,0.774,,,,,,,,,106,-2,0
21963,1610612764,BLT,Baltimore Bullets,0026300139,1963-12-22,BLT @ STL,L,0,37,,,,,,30,41.0,0.732,,,,,,,,,104,-12,0
21963,1610612737,STL,St. Louis Hawks,0026300139,1963-12-22,STL vs. BLT,W,0,41,,,,,,34,43.0,0.791,,,,,,,,,116,12,0
21963,1610612744,SFW,San Francisco Warriors,0026300140,1963-12-22,SFW vs. PHL,W,0,47,,,,,,24,35.0,0.686,,,,,,,,,118,14,0
21963,1610612755,PHL,Philadelphia 76ers,0026300140,1963-12-22,PHL @ SFW,L,0,41,,,,,,22,34.0,0.647,,,,,,,,,104,-14,0
21963,1610612747,LAL,Los Angeles Lakers,0026300141,1963-12-25,LAL @ NYK,W,0,52,,,,,,30,40.0,0.75,,,,,,,,,134,8,0
21963,1610612752,NYK,New York Knicks,0026300141,1963-12-25,NYK vs. LAL,L,0,47,,,,,,32,43.0,0.744,,,,,,,,,126,-8,0
21963,1610612758,CIN,Cincinnati Royals,0026300142,1963-12-25,CIN vs. STL,W,0,45,,,,,,23,30.0,0.767,,,,,,,,,113,6,0
21963,1610612737,STL,St. Louis Hawks,0026300142,1963-12-25,STL @ CIN,L,0,40,,,,,,27,39.0,0.692,,,,,,,,,107,-6,0
21963,1610612737,STL,St. Louis Hawks,0026300146,1963-12-26,STL vs. NYK,L,0,42,,,,,,23,29.0,0.793,,,,,,,,,107,-4,0
21963,1610612752,NYK,New York Knicks,0026300146,1963-12-26,NYK @ STL,W,0,44,,,,,,23,37.0,0.622,,,,,,,,,111,4,0
21963,1610612747,LAL,Los Angeles Lakers,0026300144,1963-12-26,LAL @ BOS,L,0,41,,,,,,28,38.0,0.737,,,,,,,,,110,-16,0
21963,1610612738,BOS,Boston Celtics,0026300144,1963-12-26,BOS vs. LAL,W,0,52,,,,,,22,26.0,0.846,,,,,,,,,126,16,0
21963,1610612765,DET,Detroit Pistons,0026300145,1963-12-26,DET @ BLT,L,0,42,,,,,,24,32.0,0.75,,,,,,,,,108,-2,0
21963,1610612764,BLT,Baltimore Bullets,0026300145,1963-12-26,BLT vs. DET,W,0,40,,,,,,30,38.0,0.789,,,,,,,,,110,2,0
21963,1610612755,PHL,Philadelphia 76ers,0026300143,1963-12-26,PHL vs. SFW,W,0,42,,,,,,34,40.0,0.85,,,,,,,,,118,6,0
21963,1610612744,SFW,San Francisco Warriors,0026300143,1963-12-26,SFW @ PHL,L,0,36,,,,,,40,57.0,0.702,,,,,,,,,112,-6,0
21963,1610612755,PHL,Philadelphia 76ers,0026300147,1963-12-27,PHL vs. DET,W,0,43,,,,,,33,36.0,0.917,,,,,,,,,119,12,0
21963,1610612765,DET,Detroit Pistons,0026300147,1963-12-27,DET @ PHL,L,0,38,,,,,,31,46.0,0.674,,,,,,,,,107,-12,0
21963,1610612758,CIN,Cincinnati Royals,0026300148,1963-12-27,CIN vs. BOS,W,0,37,,,,,,17,24.0,0.708,,,,,,,,,91,4,0
21963,1610612738,BOS,Boston Celtics,0026300148,1963-12-27,BOS @ CIN,L,0,35,,,,,,17,31.0,0.548,,,,,,,,,87,-4,0
21963,1610612737,STL,St. Louis Hawks,0026300150,1963-12-28,STL vs. BOS,L,0,36,,,,,,28,41.0,0.683,,,,,,,,,100,-7,0
21963,1610612738,BOS,Boston Celtics,0026300150,1963-12-28,BOS @ STL,W,0,40,,,,,,27,40.0,0.675,,,,,,,,,107,7,0
21963,1610612744,SFW,San Francisco Warriors,0026300149,1963-12-28,SFW @ BLT,W,0,44,,,,,,18,31.0,0.581,,,,,,,,,106,2,0
21963,1610612764,BLT,Baltimore Bullets,0026300149,1963-12-28,BLT vs. SFW,L,0,42,,,,,,20,28.0,0.714,,,,,,,,,104,-2,0
21963,1610612755,PHL,Philadelphia 76ers,0026300151,1963-12-28,PHL vs. LAL,W,0,44,,,,,,26,34.0,0.765,,,,,,,,,114,14,0
21963,1610612747,LAL,Los Angeles Lakers,0026300151,1963-12-28,LAL @ PHL,L,0,33,,,,,,34,44.0,0.773,,,,,,,,,100,-14,0
21963,1610612765,DET,Detroit Pistons,0026300152,1963-12-29,DET @ LAL,L,0,46,,,,,,36,47.0,0.766,,,,,,,,,128,-12,0
21963,1610612747,LAL,Los Angeles Lakers,0026300152,1963-12-29,LAL vs. DET,W,0,56,,,,,,28,33.0,0.848,,,,,,,,,140,12,0
21963,1610612752,NYK,New York Knicks,0026300153,1963-12-29,NYK @ CIN,L,0,35,,,,,,29,42.0,0.69,,,,,,,,,99,-6,0
21963,1610612758,CIN,Cincinnati Royals,0026300153,1963-12-29,CIN vs. NYK,W,0,39,,,,,,27,36.0,0.75,,,,,,,,,105,6,0
21963,1610612744,SFW,San Francisco Warriors,0026300154,1963-12-30,SFW @ DET,L,0,42,,,,,,28,42.0,0.667,,,,,,,,,112,-2,0
21963,1610612765,DET,Detroit Pistons,0026300154,1963-12-30,DET vs. SFW,W,0,45,,,,,,24,36.0,0.667,,,,,,,,,114,2,0
21963,1610612747,LAL,Los Angeles Lakers,0026300155,1963-12-31,LAL vs. STL,W,0,51,,,,,,30,35.0,0.857,,,,,,,,,132,13,0
21963,1610612737,STL,St. Louis Hawks,0026300155,1963-12-31,STL @ LAL,L,0,48,,,,,,23,32.0,0.719,,,,,,,,,119,-13,0
21963,1610612752,NYK,New York Knicks,0026300156,1963-12-31,NYK vs. SFW,L,0,32,,,,,,15,23.0,0.652,,,,,,,,,79,-22,0
21963,1610612744,SFW,San Francisco Warriors,0026300156,1963-12-31,SFW @ NYK,W,0,36,,,,,,29,41.0,0.707,,,,,,,,,101,22,0
21963,1610612744,SFW,San Francisco Warriors,0026300159,1964-01-02,SFW vs. STL,L,0,42,,,,,,22,33.0,0.667,,,,,,,,,106,-5,0
21963,1610612737,STL,St. Louis Hawks,0026300159,1964-01-02,STL @ SFW,W,0,43,,,,,,25,36.0,0.694,,,,,,,,,111,5,0
21963,1610612764,BLT,Baltimore Bullets,0026300158,1964-01-02,BLT vs. NYK,W,0,50,,,,,,24,36.0,0.667,,,,,,,,,124,15,0
21963,1610612752,NYK,New York Knicks,0026300158,1964-01-02,NYK @ BLT,L,0,44,,,,,,21,30.0,0.7,,,,,,,,,109,-15,0
21963,1610612765,DET,Detroit Pistons,0026300157,1964-01-02,DET @ CIN,L,0,42,,,,,,27,41.0,0.659,,,,,,,,,111,-1,0
21963,1610612758,CIN,Cincinnati Royals,0026300157,1964-01-02,CIN vs. DET,W,0,43,,,,,,26,32.0,0.813,,,,,,,,,112,1,0
21963,1610612764,BLT,Baltimore Bullets,0026300160,1964-01-03,BLT @ NYK,L,0,43,,,,,,32,44.0,0.727,,,,,,,,,118,-2,0
21963,1610612752,NYK,New York Knicks,0026300160,1964-01-03,NYK vs. BLT,W,0,48,,,,,,24,32.0,0.75,,,,,,,,,120,2,0
21963,1610612744,SFW,San Francisco Warriors,0026300162,1964-01-03,SFW vs. BOS,L,0,37,85.0,0.435,,,,27,39.0,0.692,,,62.0,,,,,25.0,101,-10,0
21963,1610612738,BOS,Boston Celtics,0026300162,1964-01-03,BOS @ SFW,W,0,44,112.0,0.393,,,,23,26.0,0.885,,,58.0,,,,,32.0,111,10,0
21963,1610612758,CIN,Cincinnati Royals,0026300161,1964-01-03,CIN @ PHL,L,0,43,,,,,,24,34.0,0.706,,,,,,,,,110,-22,0
21963,1610612755,PHL,Philadelphia 76ers,0026300161,1964-01-03,PHL vs. CIN,W,0,49,,,,,,34,44.0,0.773,,,,,,,,,132,22,0
21963,1610612747,LAL,Los Angeles Lakers,0026300163,1964-01-04,LAL vs. BOS,W,0,34,,,,,,29,35.0,0.829,,,,,,,,,125,7,0
21963,1610612738,BOS,Boston Celtics,0026300163,1964-01-04,BOS @ LAL,L,0,40,,,,,,15,22.0,0.682,,,,,,,,,118,-7,0
21963,1610612758,CIN,Cincinnati Royals,0026300164,1964-01-04,CIN @ NYK,W,0,45,,,,,,35,41.0,0.854,,,,,,,,,125,9,0
21963,1610612752,NYK,New York Knicks,0026300164,1964-01-04,NYK vs. CIN,L,0,41,,,,,,34,42.0,0.81,,,,,,,,,116,-9,0
21963,1610612764,BLT,Baltimore Bullets,0026300165,1964-01-04,BLT vs. PHL,L,0,36,,,,,,41,53.0,0.774,,,,,,,,,113,-10,0
21963,1610612755,PHL,Philadelphia 76ers,0026300165,1964-01-04,PHL @ BLT,W,0,46,,,,,,31,41.0,0.756,,,,,,,,,123,10,0
21963,1610612765,DET,Detroit Pistons,0026300168,1964-01-05,DET @ STL,L,0,36,,,,,,27,38.0,0.711,,,,,,,,,99,-17,0
21963,1610612737,STL,St. Louis Hawks,0026300168,1964-01-05,STL vs. DET,W,0,42,,,,,,32,48.0,0.667,,,,,,,,,116,17,0
21963,1610612752,NYK,New York Knicks,0026300166,1964-01-05,NYK @ PHL,W,0,57,,,,,,28,52.0,0.538,,,,,,,,,142,24,0
21963,1610612755,PHL,Philadelphia 76ers,0026300166,1964-01-05,PHL vs. NYK,L,0,45,,,,,,28,46.0,0.609,,,,,,,,,118,-24,0
21963,1610612764,BLT,Baltimore Bullets,0026300167,1964-01-05,BLT @ CIN,L,0,42,,,,,,22,34.0,0.647,,,,,,,,,106,-5,0
21963,1610612758,CIN,Cincinnati Royals,0026300167,1964-01-05,CIN vs. BLT,W,0,46,,,,,,19,30.0,0.633,,,,,,,,,111,5,0
21963,1610612747,LAL,Los Angeles Lakers,0026300169,1964-01-05,LAL vs. BOS,W,0,47,,,,,,31,39.0,0.795,,,,,,,,,97,2,0
21963,1610612738,BOS,Boston Celtics,0026300169,1964-01-05,BOS @ LAL,L,0,46,,,,,,26,36.0,0.722,,,,,,,,,95,-2,0
21963,1610612737,STL,St. Louis Hawks,0026300170,1964-01-07,STL vs. BLT,W,0,51,,,,,,21,30.0,0.7,,,,,,,,,123,10,0
21963,1610612764,BLT,Baltimore Bullets,0026300170,1964-01-07,BLT @ STL,L,0,42,,,,,,29,39.0,0.744,,,,,,,,,113,-10,0
21963,1610612738,BOS,Boston Celtics,0026300172,1964-01-07,BOS @ SFW,L,0,35,,,,,,19,26.0,0.731,,,,,,,,,89,-3,0
21963,1610612744,SFW,San Francisco Warriors,0026300172,1964-01-07,SFW vs. BOS,W,0,36,,,,,,20,39.0,0.513,,,,,,,,,92,3,0
21963,1610612758,CIN,Cincinnati Royals,0026300171,1964-01-07,CIN vs. PHL,W,0,45,,,,,,40,45.0,0.889,,,,,,,,,130,20,0
21963,1610612755,PHL,Philadelphia 76ers,0026300171,1964-01-07,PHL @ CIN,L,0,37,,,,,,36,46.0,0.783,,,,,,,,,110,-20,0
21963,1610612747,LAL,Los Angeles Lakers,0026300173,1964-01-08,LAL vs. NYK,W,0,54,,,,,,28,33.0,0.848,,,,,,,,,136,18,0
21963,1610612752,NYK,New York Knicks,0026300173,1964-01-08,NYK @ LAL,L,0,47,,,,,,24,32.0,0.75,,,,,,,,,118,-18,0
21963,1610612765,DET,Detroit Pistons,0026300175,1964-01-08,DET vs. BLT,L,0,36,,,,,,27,38.0,0.711,,,,,,,,,99,-7,0
21963,1610612764,BLT,Baltimore Bullets,0026300175,1964-01-08,BLT @ DET,W,0,44,,,,,,18,38.0,0.474,,,,,,,,,106,7,0
21963,1610612755,PHL,Philadelphia 76ers,0026300174,1964-01-08,PHL @ CIN,L,0,39,,,,,,32,43.0,0.744,,,,,,,,,110,-16,0
21963,1610612758,CIN,Cincinnati Royals,0026300174,1964-01-08,CIN vs. PHL,W,0,47,,,,,,32,47.0,0.681,,,,,,,,,126,16,0
21963,1610612752,NYK,New York Knicks,0026300178,1964-01-09,NYK @ SFW,L,0,40,,,,,,17,27.0,0.63,,,,,,,,,97,-15,0
21963,1610612744,SFW,San Francisco Warriors,0026300178,1964-01-09,SFW vs. NYK,W,0,44,,,,,,24,35.0,0.686,,,,,,,,,112,15,0
21963,1610612764,BLT,Baltimore Bullets,0026300177,1964-01-09,BLT @ DET,L,0,45,,,,,,25,32.0,0.781,,,,,,,,,115,-10,0
21963,1610612765,DET,Detroit Pistons,0026300177,1964-01-09,DET vs. BLT,W,0,50,,,,,,25,36.0,0.694,,,,,,,,,125,10,0
21963,1610612755,PHL,Philadelphia 76ers,0026300176,1964-01-09,PHL vs. STL,W,0,41,,,,,,40,46.0,0.87,,,,,,,,,122,7,0
21963,1610612737,STL,St. Louis Hawks,0026300176,1964-01-09,STL @ PHL,L,0,42,,,,,,31,40.0,0.775,,,,,,,,,115,-7,0
21963,1610612758,CIN,Cincinnati Royals,0026300179,1964-01-10,CIN @ BOS,L,0,35,,,,,,22,31.0,0.71,,,,,,,,,92,-17,0
21963,1610612738,BOS,Boston Celtics,0026300179,1964-01-10,BOS vs. CIN,W,0,45,,,,,,19,27.0,0.704,,,,,,,,,109,17,0
21963,1610612747,LAL,Los Angeles Lakers,0026300180,1964-01-10,LAL @ SFW,L,0,37,101.0,0.366,,,,15,24.0,0.625,,,52.0,,,,,16.0,89,-25,0
21963,1610612744,SFW,San Francisco Warriors,0026300180,1964-01-10,SFW vs. LAL,W,0,49,106.0,0.462,,,,16,26.0,0.615,,,67.0,,,,,19.0,114,25,0
21963,1610612752,NYK,New York Knicks,0026300182,1964-01-11,NYK @ LAL,W,0,44,,,,,,30,39.0,0.769,,,,,,,,,118,10,0
21963,1610612747,LAL,Los Angeles Lakers,0026300182,1964-01-11,LAL vs. NYK,L,0,45,,,,,,18,25.0,0.72,,,,,,,,,108,-10,0
21963,1610612765,DET,Detroit Pistons,0026300183,1964-01-11,DET vs. STL,L,0,41,,,,,,25,34.0,0.735,,,,,,,,,107,-5,0
21963,1610612737,STL,St. Louis Hawks,0026300183,1964-01-11,STL @ DET,W,0,43,,,,,,26,39.0,0.667,,,,,,,,,112,5,0
21963,1610612755,PHL,Philadelphia 76ers,0026300181,1964-01-11,PHL vs. BOS,W,0,43,,,,,,29,36.0,0.806,,,,,,,,,115,7,0
21963,1610612738,BOS,Boston Celtics,0026300181,1964-01-11,BOS @ PHL,L,0,38,,,,,,32,42.0,0.762,,,,,,,,,108,-7,0
21963,1610612737,STL,St. Louis Hawks,0026300184,1964-01-12,STL vs. BLT,L,0,40,,,,,,33,37.0,0.892,,,,,,,,,113,-4,0
21963,1610612764,BLT,Baltimore Bullets,0026300184,1964-01-12,BLT @ STL,W,0,45,,,,,,27,41.0,0.659,,,,,,,,,117,4,0
21963,1610612738,BOS,Boston Celtics,0026300185,1964-01-12,BOS vs. PHL,W,0,46,,,,,,31,38.0,0.816,,,,,,,,,123,11,0
21963,1610612755,PHL,Philadelphia 76ers,0026300185,1964-01-12,PHL @ BOS,L,0,43,,,,,,26,35.0,0.743,,,,,,,,,112,-11,0
21963,1610612744,SFW,San Francisco Warriors,0026300186,1964-01-12,SFW vs. NYK,W,0,47,104.0,0.452,,,,18,27.0,0.667,,,63.0,,,,,20.0,112,7,0
21963,1610612752,NYK,New York Knicks,0026300186,1964-01-12,NYK @ SFW,L,0,42,98.0,0.429,,,,21,26.0,0.808,,,55.0,,,,,22.0,105,-7,0
21963,1610612758,CIN,Cincinnati Royals,0026300187,1964-01-12,CIN vs. DET,W,0,47,,,,,,26,32.0,0.813,,,,,,,,,120,32,0
21963,1610612765,DET,Detroit Pistons,0026300187,1964-01-12,DET @ CIN,L,0,33,,,,,,22,31.0,0.71,,,,,,,,,88,-32,0
21963,1610612747,LAL,Los Angeles Lakers,0026300188,1964-01-15,LAL @ STL,W,0,41,,,,,,29,39.0,0.744,,,,,,,,,111,2,0
21963,1610612737,STL,St. Louis Hawks,0026300188,1964-01-15,STL vs. LAL,L,0,39,,,,,,31,42.0,0.738,,,,,,,,,109,-2,0
21963,1610612744,SFW,San Francisco Warriors,0026300190,1964-01-15,SFW @ DET,W,0,33,,,,,,23,35.0,0.657,,,,,,,,,89,10,0
21963,1610612765,DET,Detroit Pistons,0026300190,1964-01-15,DET vs. SFW,L,0,34,,,,,,11,21.0,0.524,,,,,,,,,79,-10,0
21963,1610612738,BOS,Boston Celtics,0026300189,1964-01-15,BOS @ BLT,W,0,46,,,,,,21,28.0,0.75,,,,,,,,,113,5,0
21963,1610612764,BLT,Baltimore Bullets,0026300189,1964-01-15,BLT vs. BOS,L,0,41,,,,,,26,41.0,0.634,,,,,,,,,108,-5,0
21963,1610612752,NYK,New York Knicks,0026300191,1964-01-16,NYK vs. DET,W,0,44,,,,,,36,51.0,0.706,,,,,,,,,124,8,0
21963,1610612765,DET,Detroit Pistons,0026300191,1964-01-16,DET @ NYK,L,0,47,,,,,,22,35.0,0.629,,,,,,,,,116,-8,0
21963,1610612747,LAL,Los Angeles Lakers,0026300192,1964-01-16,LAL @ CIN,L,0,36,,,,,,23,30.0,0.767,,,,,,,,,95,-13,0
21963,1610612758,CIN,Cincinnati Royals,0026300192,1964-01-16,CIN vs. LAL,W,0,45,,,,,,18,30.0,0.6,,,,,,,,,108,13,0
21963,1610612752,NYK,New York Knicks,0026300193,1964-01-17,NYK @ DET,L,0,40,,,,,,19,31.0,0.613,,,,,,,,,99,-2,0
21963,1610612765,DET,Detroit Pistons,0026300193,1964-01-17,DET vs. NYK,W,0,41,,,,,,19,31.0,0.613,,,,,,,,,101,2,0
21963,1610612738,BOS,Boston Celtics,0026300195,1964-01-17,BOS vs. LAL,W,0,45,,,,,,9,19.0,0.474,,,,,,,,,99,20,0
21963,1610612747,LAL,Los Angeles Lakers,0026300195,1964-01-17,LAL @ BOS,L,0,28,,,,,,23,25.0,0.92,,,,,,,,,79,-20,0
21963,1610612744,SFW,San Francisco Warriors,0026300194,1964-01-17,SFW @ PHL,W,0,43,,,,,,26,38.0,0.684,,,,,,,,,112,21,0
21963,1610612755,PHL,Philadelphia 76ers,0026300194,1964-01-17,PHL vs. SFW,L,0,31,,,,,,29,40.0,0.725,,,,,,,,,91,-21,0
21963,1610612755,PHL,Philadelphia 76ers,0026300198,1964-01-18,PHL @ LAL,L,0,42,,,,,,27,44.0,0.614,,,,,,,,,111,-4,0
21963,1610612747,LAL,Los Angeles Lakers,0026300198,1964-01-18,LAL vs. PHL,W,0,37,,,,,,41,58.0,0.707,,,,,,,,,115,4,0
21963,1610612738,BOS,Boston Celtics,0026300197,1964-01-18,BOS @ DET,W,0,49,,,,,,23,34.0,0.676,,,,,,,,,121,6,0
21963,1610612765,DET,Detroit Pistons,0026300197,1964-01-18,DET vs. BOS,L,0,46,,,,,,23,29.0,0.793,,,,,,,,,115,-6,0
21963,1610612764,BLT,Baltimore Bullets,0026300199,1964-01-18,BLT vs. SFW,W,0,38,,,,,,17,25.0,0.68,,,,,,,,,93,7,0
21963,1610612744,SFW,San Francisco Warriors,0026300199,1964-01-18,SFW @ BLT,L,0,36,,,,,,14,21.0,0.667,,,,,,,,,86,-7,0
21963,1610612758,CIN,Cincinnati Royals,0026300196,1964-01-18,CIN vs. STL,L,0,46,,,,,,28,32.0,0.875,,,,,,,,,120,-1,0
21963,1610612737,STL,St. Louis Hawks,0026300196,1964-01-18,STL @ CIN,W,0,43,,,,,,35,40.0,0.875,,,,,,,,,121,1,0
21963,1610612737,STL,St. Louis Hawks,0026300200,1964-01-19,STL vs. CIN,W,0,44,,,,,,26,46.0,0.565,,,,,,,,,114,5,0
21963,1610612758,CIN,Cincinnati Royals,0026300200,1964-01-19,CIN @ STL,L,0,42,,,,,,25,32.0,0.781,,,,,,,,,109,-5,0
21963,1610612738,BOS,Boston Celtics,0026300202,1964-01-19,BOS vs. SFW,W,0,42,,,,,,24,29.0,0.828,,,,,,,,,108,3,0
21963,1610612744,SFW,San Francisco Warriors,0026300202,1964-01-19,SFW @ BOS,L,0,36,,,,,,33,41.0,0.805,,,,,,,,,105,-3,0
21963,1610612764,BLT,Baltimore Bullets,0026300201,1964-01-19,BLT vs. NYK,L,0,44,,,,,,19,34.0,0.559,,,,,,,,,107,-2,0
21963,1610612752,NYK,New York Knicks,0026300201,1964-01-19,NYK @ BLT,W,0,39,,,,,,31,43.0,0.721,,,,,,,,,109,2,0
21963,1610612747,LAL,Los Angeles Lakers,0026300203,1964-01-20,LAL vs. DET,L,0,39,,,,,,29,40.0,0.725,,,,,,,,,107,-11,0
21963,1610612765,DET,Detroit Pistons,0026300203,1964-01-20,DET @ LAL,W,0,48,,,,,,22,23.0,0.957,,,,,,,,,118,11,0
21963,1610612744,SFW,San Francisco Warriors,0026300207,1964-01-21,SFW vs. DET,W,0,42,101.0,0.416,,,,16,28.0,0.571,,,59.0,,,,,20.0,100,12,0
21963,1610612765,DET,Detroit Pistons,0026300207,1964-01-21,DET @ SFW,L,0,35,83.0,0.422,,,,18,26.0,0.692,,,55.0,,,,,26.0,88,-12,0
21963,1610612755,PHL,Philadelphia 76ers,0026300205,1964-01-21,PHL @ BLT,L,0,46,,,,,,29,35.0,0.829,,,,,,,,,121,-3,0
21963,1610612764,BLT,Baltimore Bullets,0026300205,1964-01-21,BLT vs. PHL,W,0,44,,,,,,36,48.0,0.75,,,,,,,,,124,3,0
21963,1610612738,BOS,Boston Celtics,0026300206,1964-01-21,BOS @ STL,L,0,43,,,,,,28,46.0,0.609,,,,,,,,,114,-2,0
21963,1610612737,STL,St. Louis Hawks,0026300206,1964-01-21,STL vs. BOS,W,0,41,,,,,,34,48.0,0.708,,,,,,,,,116,2,0
21963,1610612752,NYK,New York Knicks,0026300204,1964-01-21,NYK vs. CIN,L,0,46,,,,,,32,50.0,0.64,,,,,,,,,124,-15,0
21963,1610612758,CIN,Cincinnati Royals,0026300204,1964-01-21,CIN @ NYK,W,0,54,,,,,,31,37.0,0.838,,,,,,,,,139,15,0
21963,1610612765,DET,Detroit Pistons,0026300209,1964-01-22,DET @ LAL,L,0,39,,,,,,23,38.0,0.605,,,,,,,,,101,-9,0
21963,1610612747,LAL,Los Angeles Lakers,0026300209,1964-01-22,LAL vs. DET,W,0,36,,,,,,38,44.0,0.864,,,,,,,,,110,9,0
21963,1610612764,BLT,Baltimore Bullets,0026300208,1964-01-22,BLT vs. PHL,W,0,47,,,,,,30,36.0,0.833,,,,,,,,,124,8,0
21963,1610612755,PHL,Philadelphia 76ers,0026300208,1964-01-22,PHL @ BLT,L,0,43,,,,,,30,36.0,0.833,,,,,,,,,116,-8,0
21963,1610612738,BOS,Boston Celtics,0026300210,1964-01-22,BOS @ CIN,L,0,34,,,,,,24,32.0,0.75,,,,,,,,,92,-17,0
21963,1610612758,CIN,Cincinnati Royals,0026300210,1964-01-22,CIN vs. BOS,W,0,43,,,,,,23,35.0,0.657,,,,,,,,,109,17,0
21963,1610612737,STL,St. Louis Hawks,0026300212,1964-01-23,STL @ BOS,L,0,38,,,,,,28,36.0,0.778,,,,,,,,,104,-6,0
21963,1610612738,BOS,Boston Celtics,0026300212,1964-01-23,BOS vs. STL,W,0,43,,,,,,24,35.0,0.686,,,,,,,,,110,6,0
21963,1610612765,DET,Detroit Pistons,0026300213,1964-01-23,DET @ SFW,L,0,37,,,,,,19,29.0,0.655,,,,,,,,,93,-32,0
21963,1610612744,SFW,San Francisco Warriors,0026300213,1964-01-23,SFW vs. DET,W,0,52,,,,,,21,35.0,0.6,,,,,,,,,125,32,0
21963,1610612752,NYK,New York Knicks,0026300211,1964-01-23,NYK @ BLT,L,0,44,,,,,,26,32.0,0.813,,,,,,,,,114,-16,0
21963,1610612764,BLT,Baltimore Bullets,0026300211,1964-01-23,BLT vs. NYK,W,0,49,,,,,,32,42.0,0.762,,,,,,,,,130,16,0
21963,1610612744,SFW,San Francisco Warriors,0026300215,1964-01-24,SFW @ LAL,L,0,39,87.0,0.448,,,,22,38.0,0.579,,,53.0,,,,,35.0,100,-18,0
21963,1610612747,LAL,Los Angeles Lakers,0026300215,1964-01-24,LAL vs. SFW,W,0,41,81.0,0.506,,,,36,45.0,0.8,,,51.0,,,,,26.0,118,18,0
21963,1610612738,BOS,Boston Celtics,0026300216,1964-01-24,BOS vs. STL,W,0,52,,,,,,15,22.0,0.682,,,,,,,,,119,20,0
21963,1610612737,STL,St. Louis Hawks,0026300216,1964-01-24,STL @ BOS,L,0,41,,,,,,17,26.0,0.654,,,,,,,,,99,-20,0
21963,1610612755,PHL,Philadelphia 76ers,0026300214,1964-01-24,PHL vs. CIN,W,0,52,,,,,,30,39.0,0.769,,,,,,,,,134,23,0
21963,1610612758,CIN,Cincinnati Royals,0026300214,1964-01-24,CIN @ PHL,L,0,42,,,,,,27,37.0,0.73,,,,,,,,,111,-23,0
21963,1610612744,SFW,San Francisco Warriors,0026300220,1964-01-25,SFW vs. LAL,W,0,49,,,,,,22,37.0,0.595,,,,,,,,,120,25,0
21963,1610612747,LAL,Los Angeles Lakers,0026300220,1964-01-25,LAL @ SFW,L,0,38,,,,,,19,26.0,0.731,,,,,,,,,95,-25,0
21963,1610612755,PHL,Philadelphia 76ers,0026300217,1964-01-25,PHL @ NYK,W,0,47,,,,,,37,41.0,0.902,,,,,,,,,131,2,0
21963,1610612752,NYK,New York Knicks,0026300217,1964-01-25,NYK vs. PHL,L,0,52,,,,,,25,37.0,0.676,,,,,,,,,129,-2,0
21963,1610612765,DET,Detroit Pistons,0026300219,1964-01-25,DET vs. STL,L,0,37,,,,,,24,32.0,0.75,,,,,,,,,98,-9,0
21963,1610612737,STL,St. Louis Hawks,0026300219,1964-01-25,STL @ DET,W,0,36,,,,,,35,41.0,0.854,,,,,,,,,107,9,0
21963,1610612758,CIN,Cincinnati Royals,0026300218,1964-01-25,CIN @ BLT,L,0,43,,,,,,13,25.0,0.52,,,,,,,,,99,-16,0
21963,1610612764,BLT,Baltimore Bullets,0026300218,1964-01-25,BLT vs. CIN,W,0,47,,,,,,21,28.0,0.75,,,,,,,,,115,16,0
21963,1610612747,LAL,Los Angeles Lakers,0026300224,1964-01-26,LAL vs. SFW,W,0,37,,,,,,34,43.0,0.791,,,,,,,,,108,12,0
21963,1610612744,SFW,San Francisco Warriors,0026300224,1964-01-26,SFW @ LAL,L,0,33,,,,,,30,46.0,0.652,,,,,,,,,96,-12,0
21963,1610612737,STL,St. Louis Hawks,0026300222,1964-01-26,STL vs. DET,W,0,37,,,,,,32,46.0,0.696,,,,,,,,,106,2,0
21963,1610612765,DET,Detroit Pistons,0026300222,1964-01-26,DET @ STL,L,0,39,,,,,,26,37.0,0.703,,,,,,,,,104,-2,0
21963,1610612752,NYK,New York Knicks,0026300223,1964-01-26,NYK @ BOS,L,0,41,,,,,,20,35.0,0.571,,,,,,,,,102,-13,0
21963,1610612738,BOS,Boston Celtics,0026300223,1964-01-26,BOS vs. NYK,W,0,41,,,,,,33,39.0,0.846,,,,,,,,,115,13,0
21963,1610612755,PHL,Philadelphia 76ers,0026300221,1964-01-26,PHL vs. BLT,L,0,49,,,,,,22,29.0,0.759,,,,,,,,,120,-11,0
21963,1610612764,BLT,Baltimore Bullets,0026300221,1964-01-26,BLT @ PHL,W,0,51,,,,,,29,40.0,0.725,,,,,,,,,131,11,0
21963,1610612752,NYK,New York Knicks,0026300225,1964-01-28,NYK vs. BOS,W,0,56,,,,,,21,29.0,0.724,,,,,,,,,133,6,0
21963,1610612738,BOS,Boston Celtics,0026300225,1964-01-28,BOS @ NYK,L,0,53,,,,,,21,26.0,0.808,,,,,,,,,127,-6,0
21963,1610612765,DET,Detroit Pistons,0026300227,1964-01-28,DET vs. LAL,W,0,38,,,,,,17,28.0,0.607,,,,,,,,,93,1,0
21963,1610612747,LAL,Los Angeles Lakers,0026300227,1964-01-28,LAL @ DET,L,0,34,,,,,,24,32.0,0.75,,,,,,,,,92,-1,0
21963,1610612755,PHL,Philadelphia 76ers,0026300226,1964-01-28,PHL vs. SFW,L,0,47,,,,,,23,31.0,0.742,,,,,,,,,117,-22,0
21963,1610612744,SFW,San Francisco Warriors,0026300226,1964-01-28,SFW @ PHL,W,0,58,,,,,,23,34.0,0.676,,,,,,,,,139,22,0
21963,1610612755,PHL,Philadelphia 76ers,0026300229,1964-01-29,PHL vs. LAL,W,0,42,,,,,,18,25.0,0.72,,,,,,,,,102,5,0
21963,1610612747,LAL,Los Angeles Lakers,0026300229,1964-01-29,LAL @ PHL,L,0,37,,,,,,23,29.0,0.793,,,,,,,,,97,-5,0
21963,1610612752,NYK,New York Knicks,0026300228,1964-01-29,NYK @ STL,W,0,37,,,,,,31,40.0,0.775,,,,,,,,,105,1,0
21963,1610612737,STL,St. Louis Hawks,0026300228,1964-01-29,STL vs. NYK,L,0,38,,,,,,26,34.0,0.765,,,,,,,,,104,-1,0
21963,1610612744,SFW,San Francisco Warriors,0026300230,1964-01-29,SFW @ BOS,W,0,36,,,,,,28,38.0,0.737,,,,,,,,,100,8,0
21963,1610612738,BOS,Boston Celtics,0026300230,1964-01-29,BOS vs. SFW,L,0,34,,,,,,24,31.0,0.774,,,,,,,,,92,-8,0
21963,1610612744,SFW,San Francisco Warriors,0026300232,1964-01-30,SFW @ DET,L,0,34,,,,,,32,49.0,0.653,,,,,,,,,100,-9,0
21963,1610612765,DET,Detroit Pistons,0026300232,1964-01-30,DET vs. SFW,W,0,41,,,,,,27,30.0,0.9,,,,,,,,,109,9,0
21963,1610612747,LAL,Los Angeles Lakers,0026300233,1964-01-30,LAL @ BLT,L,0,37,,,,,,15,22.0,0.682,,,,,,,,,89,-18,0
21963,1610612764,BLT,Baltimore Bullets,0026300233,1964-01-30,BLT vs. LAL,W,0,43,,,,,,21,34.0,0.618,,,,,,,,,107,18,0
21963,1610612752,NYK,New York Knicks,0026300231,1964-01-30,NYK @ CIN,L,0,48,,,,,,14,24.0,0.583,,,,,,,,,110,-23,0
21963,1610612758,CIN,Cincinnati Royals,0026300231,1964-01-30,CIN vs. NYK,W,0,52,,,,,,29,37.0,0.784,,,,,,,,,133,23,0
21963,1610612755,PHL,Philadelphia 76ers,0026300235,1964-01-31,PHL @ BOS,L,0,35,,,,,,27,36.0,0.75,,,,,,,,,97,-17,0
21963,1610612738,BOS,Boston Celtics,0026300235,1964-01-31,BOS vs. PHL,W,0,46,,,,,,22,31.0,0.71,,,,,,,,,114,17,0
21963,1610612758,CIN,Cincinnati Royals,0026300234,1964-01-31,CIN vs. BLT,W,0,50,,,,,,18,27.0,0.667,,,,,,,,,118,12,0
21963,1610612764,BLT,Baltimore Bullets,0026300234,1964-01-31,BLT @ CIN,L,0,38,,,,,,30,47.0,0.638,,,,,,,,,106,-12,0
21963,1610612737,STL,St. Louis Hawks,0026300239,1964-02-01,STL vs. LAL,W,0,43,,,,,,27,34.0,0.794,,,,,,,,,113,17,0
21963,1610612747,LAL,Los Angeles Lakers,0026300239,1964-02-01,LAL @ STL,L,0,36,,,,,,24,31.0,0.774,,,,,,,,,96,-17,0
21963,1610612744,SFW,San Francisco Warriors,0026300238,1964-02-01,SFW @ NYK,W,0,51,,,,,,23,33.0,0.697,,,,,,,,,125,19,0
21963,1610612752,NYK,New York Knicks,0026300238,1964-02-01,NYK vs. SFW,L,0,45,,,,,,16,24.0,0.667,,,,,,,,,106,-19,0
21963,1610612764,BLT,Baltimore Bullets,0026300236,1964-02-01,BLT vs. DET,L,0,39,,,,,,33,45.0,0.733,,,,,,,,,111,-1,0
21963,1610612765,DET,Detroit Pistons,0026300236,1964-02-01,DET @ BLT,W,0,41,,,,,,30,38.0,0.789,,,,,,,,,112,1,0
21963,1610612755,PHL,Philadelphia 76ers,0026300237,1964-02-01,PHL vs. BOS,L,0,38,,,,,,35,41.0,0.854,,,,,,,,,111,-8,0
21963,1610612738,BOS,Boston Celtics,0026300237,1964-02-01,BOS @ PHL,W,0,46,,,,,,27,35.0,0.771,,,,,,,,,119,8,0
21963,1610612737,STL,St. Louis Hawks,0026300242,1964-02-02,STL vs. LAL,W,0,39,,,,,,29,40.0,0.725,,,,,,,,,107,2,0
21963,1610612747,LAL,Los Angeles Lakers,0026300242,1964-02-02,LAL @ STL,L,0,38,,,,,,29,35.0,0.829,,,,,,,,,105,-2,0
21963,1610612744,SFW,San Francisco Warriors,0026300240,1964-02-02,SFW @ BLT,W,0,47,,,,,,26,36.0,0.722,,,,,,,,,120,2,0
21963,1610612764,BLT,Baltimore Bullets,0026300240,1964-02-02,BLT vs. SFW,L,0,43,,,,,,32,39.0,0.821,,,,,,,,,118,-2,0
21963,1610612738,BOS,Boston Celtics,0026300241,1964-02-02,BOS vs. CIN,L,0,45,,,,,,27,37.0,0.73,,,,,,,,,117,-2,0
21963,1610612758,CIN,Cincinnati Royals,0026300241,1964-02-02,CIN @ BOS,W,0,42,,,,,,35,49.0,0.714,,,,,,,,,119,2,0
21963,1610612738,BOS,Boston Celtics,0026300244,1964-02-04,BOS vs. STL,W,0,46,,,,,,21,35.0,0.6,,,,,,,,,113,12,0
21963,1610612737,STL,St. Louis Hawks,0026300244,1964-02-04,STL @ BOS,L,0,34,,,,,,33,39.0,0.846,,,,,,,,,101,-12,0
21963,1610612765,DET,Detroit Pistons,0026300246,1964-02-04,DET @ SFW,L,0,36,,,,,,7,12.0,0.583,,,,,,,,,79,-39,0
21963,1610612744,SFW,San Francisco Warriors,0026300246,1964-02-04,SFW vs. DET,W,0,50,,,,,,18,27.0,0.667,,,,,,,,,118,39,0
21963,1610612747,LAL,Los Angeles Lakers,0026300245,1964-02-04,LAL @ CIN,L,0,37,,,,,,26,33.0,0.788,,,,,,,,,100,-18,0
21963,1610612758,CIN,Cincinnati Royals,0026300245,1964-02-04,CIN vs. LAL,W,0,44,,,,,,20,37.0,0.541,,,,,,,,,118,18,0
21963,1610612764,BLT,Baltimore Bullets,0026300243,1964-02-04,BLT @ NYK,W,0,54,,,,,,29,36.0,0.806,,,,,,,,,137,3,0
21963,1610612752,NYK,New York Knicks,0026300243,1964-02-04,NYK vs. BLT,L,0,55,,,,,,24,31.0,0.774,,,,,,,,,134,-3,0
21963,1610612747,LAL,Los Angeles Lakers,0026300248,1964-02-05,LAL vs. DET,W,0,40,,,,,,31,38.0,0.816,,,,,,,,,111,26,0
21963,1610612765,DET,Detroit Pistons,0026300248,1964-02-05,DET @ LAL,L,0,34,,,,,,17,22.0,0.773,,,,,,,,,85,-26,0
21963,1610612764,BLT,Baltimore Bullets,0026300247,1964-02-05,BLT vs. STL,W,0,43,,,,,,27,39.0,0.692,,,,,,,,,113,7,0
21963,1610612737,STL,St. Louis Hawks,0026300247,1964-02-05,STL @ BLT,L,0,40,,,,,,26,35.0,0.743,,,,,,,,,106,-7,0
21963,1610612755,PHL,Philadelphia 76ers,0026300249,1964-02-06,PHL vs. NYK,W,0,48,,,,,,32,41.0,0.78,,,,,,,,,128,11,0
21963,1610612752,NYK,New York Knicks,0026300249,1964-02-06,NYK @ PHL,L,0,46,,,,,,25,34.0,0.735,,,,,,,,,117,-11,0
21963,1610612744,SFW,San Francisco Warriors,0026300250,1964-02-06,SFW vs. DET,W,0,41,,,,,,22,19.0,1.158,,,,,,,,,104,7,0
21963,1610612765,DET,Detroit Pistons,0026300250,1964-02-06,DET @ SFW,L,0,40,,,,,,17,12.0,1.417,,,,,,,,,97,-7,0
21963,1610612764,BLT,Baltimore Bullets,0026300251,1964-02-06,BLT vs. BOS,L,0,36,,,,,,20,35.0,0.571,,,,,,,,,92,-2,0
21963,1610612738,BOS,Boston Celtics,0026300251,1964-02-06,BOS @ BLT,W,0,39,,,,,,16,26.0,0.615,,,,,,,,,94,2,0
21963,1610612747,LAL,Los Angeles Lakers,0026300254,1964-02-07,LAL vs. DET,L,0,49,,,,,,19,31.0,0.613,,,,,,,,,103,-8,0
21963,1610612765,DET,Detroit Pistons,0026300254,1964-02-07,DET @ LAL,W,0,42,,,,,,27,34.0,0.794,,,,,,,,,111,8,0
21963,1610612738,BOS,Boston Celtics,0026300253,1964-02-07,BOS vs. NYK,W,0,53,,,,,,27,44.0,0.614,,,,,,,,,133,21,0
21963,1610612752,NYK,New York Knicks,0026300253,1964-02-07,NYK @ BOS,L,0,45,,,,,,22,35.0,0.629,,,,,,,,,112,-21,0
21963,1610612758,CIN,Cincinnati Royals,0026300252,1964-02-07,CIN vs. PHL,W,0,47,,,,,,32,40.0,0.8,,,,,,,,,126,12,0
21963,1610612755,PHL,Philadelphia 76ers,0026300252,1964-02-07,PHL @ CIN,L,0,45,,,,,,24,36.0,0.667,,,,,,,,,114,-12,0
21963,1610612744,SFW,San Francisco Warriors,0026300258,1964-02-08,SFW @ STL,W,0,36,,,,,,31,45.0,0.689,,,,,,,,,103,6,0
21963,1610612737,STL,St. Louis Hawks,0026300258,1964-02-08,STL vs. SFW,L,0,38,,,,,,21,33.0,0.636,,,,,,,,,97,-6,0
21963,1610612752,NYK,New York Knicks,0026300255,1964-02-08,NYK vs. BOS,L,0,44,,,,,,26,37.0,0.703,,,,,,,,,114,-21,0
21963,1610612738,BOS,Boston Celtics,0026300255,1964-02-08,BOS @ NYK,W,0,56,,,,,,23,31.0,0.742,,,,,,,,,135,21,0
21963,1610612764,BLT,Baltimore Bullets,0026300256,1964-02-08,BLT vs. CIN,L,0,45,,,,,,15,27.0,0.556,,,,,,,,,105,-4,0
21963,1610612758,CIN,Cincinnati Royals,0026300256,1964-02-08,CIN @ BLT,W,0,44,,,,,,21,28.0,0.75,,,,,,,,,109,4,0
21963,1610612755,PHL,Philadelphia 76ers,0026300257,1964-02-08,PHL vs. LAL,W,0,45,,,,,,19,23.0,0.826,,,,,,,,,109,8,0
21963,1610612747,LAL,Los Angeles Lakers,0026300257,1964-02-08,LAL @ PHL,L,0,40,,,,,,21,25.0,0.84,,,,,,,,,101,-8,0
21963,1610612737,STL,St. Louis Hawks,0026300259,1964-02-09,STL vs. SFW,W,0,45,,,,,,26,31.0,0.839,,,,,,,,,116,5,0
21963,1610612744,SFW,San Francisco Warriors,0026300259,1964-02-09,SFW @ STL,L,0,44,,,,,,23,39.0,0.59,,,,,,,,,111,-5,0
21963,1610612738,BOS,Boston Celtics,0026300261,1964-02-09,BOS vs. PHL,W,0,52,,,,,,16,29.0,0.552,,,,,,,,,120,11,0
21963,1610612755,PHL,Philadelphia 76ers,0026300261,1964-02-09,PHL @ BOS,L,0,45,,,,,,19,28.0,0.679,,,,,,,,,109,-11,0
21963,1610612747,LAL,Los Angeles Lakers,0026300260,1964-02-09,LAL @ BLT,L,0,38,,,,,,34,38.0,0.895,,,,,,,,,110,-9,0
21963,1610612764,BLT,Baltimore Bullets,0026300260,1964-02-09,BLT vs. LAL,W,0,44,,,,,,31,42.0,0.738,,,,,,,,,119,9,0
21963,1610612765,DET,Detroit Pistons,0026300262,1964-02-09,DET @ CIN,L,0,42,,,,,,23,28.0,0.821,,,,,,,,,107,-28,0
21963,1610612758,CIN,Cincinnati Royals,0026300262,1964-02-09,CIN vs. DET,W,0,49,,,,,,37,45.0,0.822,,,,,,,,,135,28,0
21963,1610612737,STL,St. Louis Hawks,0026300265,1964-02-11,STL vs. NYK,W,0,52,,,,,,21,32.0,0.656,,,,,,,,,125,22,0
21963,1610612752,NYK,New York Knicks,0026300265,1964-02-11,NYK @ STL,L,0,38,,,,,,27,37.0,0.73,,,,,,,,,103,-22,0
21963,1610612738,BOS,Boston Celtics,0026300264,1964-02-11,BOS vs. LAL,L,0,43,,,,,,23,33.0,0.697,,,,,,,,,109,-4,0
21963,1610612747,LAL,Los Angeles Lakers,0026300264,1964-02-11,LAL @ BOS,W,0,39,,,,,,35,52.0,0.673,,,,,,,,,113,4,0
21963,1610612744,SFW,San Francisco Warriors,0026300263,1964-02-11,SFW @ DET,W,0,51,,,,,,26,45.0,0.578,,,,,,,,,128,10,0
21963,1610612765,DET,Detroit Pistons,0026300263,1964-02-11,DET vs. SFW,L,0,43,,,,,,32,39.0,0.821,,,,,,,,,118,-10,0
21963,1610612755,PHL,Philadelphia 76ers,0026300267,1964-02-12,PHL @ BLT,L,0,49,,,,,,17,24.0,0.708,,,,,,,,,115,-6,0
21963,1610612764,BLT,Baltimore Bullets,0026300267,1964-02-12,BLT vs. PHL,W,0,48,,,,,,25,33.0,0.758,,,,,,,,,121,6,0
21963,1610612758,CIN,Cincinnati Royals,0026300266,1964-02-12,CIN vs. DET,W,0,61,,,,,,25,36.0,0.694,,,,,,,,,147,26,0
21963,1610612765,DET,Detroit Pistons,0026300266,1964-02-12,DET @ CIN,L,0,49,,,,,,23,33.0,0.697,,,,,,,,,121,-26,0
21963,1610612738,BOS,Boston Celtics,0026300268,1964-02-12,BOS @ LAL,W,0,41,,,,,,22,31.0,0.71,,,,,,,,,104,7,0
21963,1610612747,LAL,Los Angeles Lakers,0026300268,1964-02-12,LAL vs. BOS,L,0,34,,,,,,29,35.0,0.829,,,,,,,,,97,-7,0
21963,1610612744,SFW,San Francisco Warriors,0026300269,1964-02-13,SFW vs. BOS,W,0,43,,,,,,20,32.0,0.625,,,,,,,,,106,11,0
21963,1610612738,BOS,Boston Celtics,0026300269,1964-02-13,BOS @ SFW,L,0,42,,,,,,11,22.0,0.5,,,,,,,,,95,-11,0
21963,1610612765,DET,Detroit Pistons,0026300270,1964-02-14,DET @ PHL,L,0,50,,,,,,23,33.0,0.697,,,,,,,,,123,-7,0
21963,1610612755,PHL,Philadelphia 76ers,0026300270,1964-02-14,PHL vs. DET,W,0,52,,,,,,26,32.0,0.813,,,,,,,,,130,7,0
21963,1610612758,CIN,Cincinnati Royals,0026300271,1964-02-14,CIN vs. NYK,W,0,51,,,,,,24,28.0,0.857,,,,,,,,,126,12,0
21963,1610612752,NYK,New York Knicks,0026300271,1964-02-14,NYK @ CIN,L,0,45,,,,,,24,32.0,0.75,,,,,,,,,114,-12,0
21963,1610612744,SFW,San Francisco Warriors,0026300275,1964-02-15,SFW vs. BOS,L,0,33,102.0,0.324,,,,21,42.0,0.5,,,77.0,,,,,23.0,87,-9,0
21963,1610612738,BOS,Boston Celtics,0026300275,1964-02-15,BOS @ SFW,W,0,39,104.0,0.375,,,,18,33.0,0.545,,,67.0,,,,,25.0,96,9,0
21963,1610612737,STL,St. Louis Hawks,0026300274,1964-02-15,STL vs. PHL,W,0,48,,,,,,22,27.0,0.815,,,,,,,,,118,8,0
21963,1610612755,PHL,Philadelphia 76ers,0026300274,1964-02-15,PHL @ STL,L,0,37,,,,,,36,41.0,0.878,,,,,,,,,110,-8,0
21963,1610612752,NYK,New York Knicks,0026300272,1964-02-15,NYK vs. CIN,L,0,50,,,,,,24,30.0,0.8,,,,,,,,,124,-6,0
21963,1610612758,CIN,Cincinnati Royals,0026300272,1964-02-15,CIN @ NYK,W,0,46,,,,,,38,44.0,0.864,,,,,,,,,130,6,0
21963,1610612765,DET,Detroit Pistons,0026300273,1964-02-15,DET @ BLT,L,0,48,,,,,,26,30.0,0.867,,,,,,,,,122,-2,0
21963,1610612764,BLT,Baltimore Bullets,0026300273,1964-02-15,BLT vs. DET,W,0,47,,,,,,30,39.0,0.769,,,,,,,,,124,2,0
21963,1610612738,BOS,Boston Celtics,0026300278,1964-02-16,BOS @ LAL,W,0,33,,,,,,26,36.0,0.722,,,,,,,,,92,2,0
21963,1610612747,LAL,Los Angeles Lakers,0026300278,1964-02-16,LAL vs. BOS,L,0,34,,,,,,22,37.0,0.595,,,,,,,,,90,-2,0
21963,1610612764,BLT,Baltimore Bullets,0026300276,1964-02-16,BLT @ DET,W,0,45,,,,,,21,34.0,0.618,,,,,,,,,111,12,0
21963,1610612765,DET,Detroit Pistons,0026300276,1964-02-16,DET vs. BLT,L,0,41,,,,,,17,29.0,0.586,,,,,,,,,99,-12,0
21963,1610612758,CIN,Cincinnati Royals,0026300277,1964-02-16,CIN vs. PHL,W,0,46,,,,,,22,32.0,0.688,,,,,,,,,114,17,0
21963,1610612755,PHL,Philadelphia 76ers,0026300277,1964-02-16,PHL @ CIN,L,0,39,,,,,,19,27.0,0.704,,,,,,,,,97,-17,0
21963,1610612737,STL,St. Louis Hawks,0026300280,1964-02-17,STL @ BLT,W,0,46,,,,,,23,31.0,0.742,,,,,,,,,115,5,0
21963,1610612764,BLT,Baltimore Bullets,0026300280,1964-02-17,BLT vs. STL,L,0,42,,,,,,26,37.0,0.703,,,,,,,,,110,-5,0
21963,1610612758,CIN,Cincinnati Royals,0026300279,1964-02-17,CIN vs. SFW,W,0,48,,,,,,33,41.0,0.805,,,,,,,,,129,16,0
21963,1610612744,SFW,San Francisco Warriors,0026300279,1964-02-17,SFW @ CIN,L,0,46,,,,,,21,28.0,0.75,,,,,,,,,113,-16,0
21963,1610612752,NYK,New York Knicks,0026300281,1964-02-18,NYK vs. LAL,W,0,49,,,,,,20,24.0,0.833,,,,,,,,,118,1,0
21963,1610612747,LAL,Los Angeles Lakers,0026300281,1964-02-18,LAL @ NYK,L,0,41,,,,,,35,41.0,0.854,,,,,,,,,117,-1,0
21963,1610612765,DET,Detroit Pistons,0026300282,1964-02-18,DET vs. SFW,L,0,38,,,,,,22,29.0,0.759,,,,,,,,,98,-10,0
21963,1610612744,SFW,San Francisco Warriors,0026300282,1964-02-18,SFW @ DET,W,0,40,,,,,,28,41.0,0.683,,,,,,,,,108,10,0
21963,1610612738,BOS,Boston Celtics,0026300283,1964-02-18,BOS @ PHL,W,0,36,,,,,,31,36.0,0.861,,,,,,,,,103,10,0
21963,1610612755,PHL,Philadelphia 76ers,0026300283,1964-02-18,PHL vs. BOS,L,0,40,,,,,,13,22.0,0.591,,,,,,,,,93,-10,0
21963,1610612737,STL,St. Louis Hawks,0026300286,1964-02-19,STL @ NYK,L,0,46,,,,,,22,28.0,0.786,,,,,,,,,114,-6,0
21963,1610612752,NYK,New York Knicks,0026300286,1964-02-19,NYK vs. STL,W,0,46,,,,,,28,41.0,0.683,,,,,,,,,120,6,0
21963,1610612747,LAL,Los Angeles Lakers,0026300285,1964-02-19,LAL @ DET,L,0,44,,,,,,27,37.0,0.73,,,,,,,,,115,-1,0
21963,1610612765,DET,Detroit Pistons,0026300285,1964-02-19,DET vs. LAL,W,0,44,,,,,,28,41.0,0.683,,,,,,,,,116,1,0
21963,1610612755,PHL,Philadelphia 76ers,0026300284,1964-02-19,PHL vs. BLT,W,0,49,,,,,,32,43.0,0.744,,,,,,,,,130,8,0
21963,1610612764,BLT,Baltimore Bullets,0026300284,1964-02-19,BLT @ PHL,L,0,50,,,,,,22,40.0,0.55,,,,,,,,,122,-8,0
21963,1610612744,SFW,San Francisco Warriors,0026300287,1964-02-19,SFW @ CIN,W,0,44,,,,,,20,30.0,0.667,,,,,,,,,108,7,0
21963,1610612758,CIN,Cincinnati Royals,0026300287,1964-02-19,CIN vs. SFW,L,0,40,,,,,,21,29.0,0.724,,,,,,,,,101,-7,0
21963,1610612738,BOS,Boston Celtics,0026300288,1964-02-20,BOS vs. BLT,W,0,55,,,,,,19,20.0,0.95,,,,,,,,,129,16,0
21963,1610612764,BLT,Baltimore Bullets,0026300288,1964-02-20,BLT @ BOS,L,0,48,,,,,,17,36.0,0.472,,,,,,,,,113,-16,0
21963,1610612765,DET,Detroit Pistons,0026300289,1964-02-20,DET vs. LAL,L,0,40,,,,,,21,28.0,0.75,,,,,,,,,101,-5,0
21963,1610612747,LAL,Los Angeles Lakers,0026300289,1964-02-20,LAL @ DET,W,0,40,,,,,,26,39.0,0.667,,,,,,,,,106,5,0
21963,1610612758,CIN,Cincinnati Royals,0026300292,1964-02-21,CIN @ SFW,W,0,38,97.0,0.392,,,,25,37.0,0.676,,,67.0,22.0,,,,23.0,101,8,0
21963,1610612744,SFW,San Francisco Warriors,0026300292,1964-02-21,SFW vs. CIN,L,0,40,95.0,0.421,,,,13,28.0,0.464,,,74.0,26.0,,,,25.0,93,-8,0
21963,1610612738,BOS,Boston Celtics,0026300290,1964-02-21,BOS @ PHL,L,0,50,,,,,,19,31.0,0.613,,,,,,,,,119,-25,0
21963,1610612755,PHL,Philadelphia 76ers,0026300290,1964-02-21,PHL vs. BOS,W,0,57,,,,,,30,38.0,0.789,,,,,,,,,144,25,0
21963,1610612737,STL,St. Louis Hawks,0026300291,1964-02-21,STL @ BLT,L,0,41,,,,,,31,39.0,0.795,,,,,,,,,113,-2,0
21963,1610612764,BLT,Baltimore Bullets,0026300291,1964-02-21,BLT vs. STL,W,0,42,,,,,,31,44.0,0.705,,,,,,,,,115,2,0
21963,1610612758,CIN,Cincinnati Royals,0026300294,1964-02-22,CIN @ LAL,W,0,40,96.0,0.417,,,,27,29.0,0.931,,,52.0,18.0,,,,23.0,107,2,0
21963,1610612747,LAL,Los Angeles Lakers,0026300294,1964-02-22,LAL vs. CIN,L,0,43,92.0,0.467,,,,19,32.0,0.594,,,56.0,30.0,,,,26.0,105,-2,0
21963,1610612737,STL,St. Louis Hawks,0026300295,1964-02-22,STL vs. BOS,W,0,31,,,,,,33,38.0,0.868,,,,,,,,,95,7,0
21963,1610612738,BOS,Boston Celtics,0026300295,1964-02-22,BOS @ STL,L,0,35,,,,,,18,28.0,0.643,,,,,,,,,88,-7,0
21963,1610612765,DET,Detroit Pistons,0026300293,1964-02-22,DET vs. NYK,L,0,50,,,,,,19,26.0,0.731,,,,,,,,,119,-6,0
21963,1610612752,NYK,New York Knicks,0026300293,1964-02-22,NYK @ DET,W,0,49,,,,,,27,35.0,0.771,,,,,,,,,125,6,0
21963,1610612752,NYK,New York Knicks,0026300297,1964-02-23,NYK vs. PHL,L,0,45,,,,,,15,29.0,0.517,,,,,,,,,105,-9,0
21963,1610612755,PHL,Philadelphia 76ers,0026300297,1964-02-23,PHL @ NYK,W,0,45,,,,,,24,10.0,2.4,,,,,,,,,114,9,0
21963,1610612744,SFW,San Francisco Warriors,0026300296,1964-02-23,SFW vs. LAL,W,0,41,,,,,,27,39.0,0.692,,,,,,,,,109,1,0
21963,1610612747,LAL,Los Angeles Lakers,0026300296,1964-02-23,LAL @ SFW,L,0,40,,,,,,28,35.0,0.8,,,,,,,,,108,-1,0
21963,1610612764,BLT,Baltimore Bullets,0026300298,1964-02-23,BLT vs. DET,W,0,52,,,,,,25,37.0,0.676,,,,,,,,,129,25,0
21963,1610612765,DET,Detroit Pistons,0026300298,1964-02-23,DET @ BLT,L,0,39,,,,,,26,41.0,0.634,,,,,,,,,104,-25,0
21963,1610612738,BOS,Boston Celtics,0026300299,1964-02-24,BOS @ DET,L,0,44,,,,,,25,31.0,0.806,,,,,,,,,113,-2,0
21963,1610612765,DET,Detroit Pistons,0026300299,1964-02-24,DET vs. BOS,W,0,46,,,,,,23,31.0,0.742,,,,,,,,,115,2,0
21963,1610612752,NYK,New York Knicks,0026300302,1964-02-25,NYK vs. BOS,L,0,41,,,,,,20,30.0,0.667,,,,,,,,,102,-12,0
21963,1610612738,BOS,Boston Celtics,0026300302,1964-02-25,BOS @ NYK,W,0,45,,,,,,24,32.0,0.75,,,,,,,,,114,12,0
21963,1610612737,STL,St. Louis Hawks,0026300301,1964-02-25,STL vs. PHL,W,0,45,,,,,,25,32.0,0.781,,,,,,,,,115,8,0
21963,1610612755,PHL,Philadelphia 76ers,0026300301,1964-02-25,PHL @ STL,L,0,36,,,,,,35,42.0,0.833,,,,,,,,,107,-8,0
21963,1610612744,SFW,San Francisco Warriors,0026300300,1964-02-25,SFW vs. CIN,W,0,48,,,,,,21,38.0,0.553,,,,,,,,,117,9,0
21963,1610612758,CIN,Cincinnati Royals,0026300300,1964-02-25,CIN @ SFW,L,0,43,,,,,,22,35.0,0.629,,,,,,,,,108,-9,0
21963,1610612758,CIN,Cincinnati Royals,0026300304,1964-02-26,CIN @ LAL,L,0,35,92.0,0.38,,,,27,33.0,0.818,,,45.0,,,,,25.0,97,-6,0
21963,1610612747,LAL,Los Angeles Lakers,0026300304,1964-02-26,LAL vs. CIN,W,0,38,85.0,0.447,,,,27,35.0,0.771,,,58.0,,,,,29.0,103,6,0
21963,1610612765,DET,Detroit Pistons,0026300303,1964-02-26,DET vs. PHL,L,0,48,,,,,,26,34.0,0.765,,,,,,,,,122,-8,0
21963,1610612755,PHL,Philadelphia 76ers,0026300303,1964-02-26,PHL @ DET,W,0,51,,,,,,28,37.0,0.757,,,,,,,,,130,8,0
21963,1610612764,BLT,Baltimore Bullets,0026300305,1964-02-26,BLT vs. BOS,L,0,36,,,,,,15,27.0,0.556,,,,,,,,,87,-13,0
21963,1610612738,BOS,Boston Celtics,0026300305,1964-02-26,BOS @ BLT,W,0,39,,,,,,22,30.0,0.733,,,,,,,,,100,13,0
21963,1610612744,SFW,San Francisco Warriors,0026300306,1964-02-27,SFW @ STL,W,0,43,,,,,,21,39.0,0.538,,,,,,,,,107,10,0
21963,1610612737,STL,St. Louis Hawks,0026300306,1964-02-27,STL vs. SFW,L,0,36,,,,,,25,33.0,0.758,,,,,,,,,97,-10,0
21963,1610612752,NYK,New York Knicks,0026300309,1964-02-28,NYK @ DET,L,0,39,,,,,,32,43.0,0.744,,,,,,,,,110,-2,0
21963,1610612765,DET,Detroit Pistons,0026300309,1964-02-28,DET vs. NYK,W,0,45,,,,,,22,41.0,0.537,,,,,,,,,112,2,0
21963,1610612738,BOS,Boston Celtics,0026300310,1964-02-28,BOS vs. SFW,W,0,41,,,,,,25,40.0,0.625,,,,,,,,,107,15,0
21963,1610612744,SFW,San Francisco Warriors,0026300310,1964-02-28,SFW @ BOS,L,0,37,,,,,,18,36.0,0.5,,,,,,,,,92,-15,0
21963,1610612747,LAL,Los Angeles Lakers,0026300308,1964-02-28,LAL @ BLT,W,0,39,,,,,,37,45.0,0.822,,,,,,,,,115,3,0
21963,1610612764,BLT,Baltimore Bullets,0026300308,1964-02-28,BLT vs. LAL,L,0,42,,,,,,28,38.0,0.737,,,,,,,,,112,-3,0
21963,1610612755,PHL,Philadelphia 76ers,0026300307,1964-02-28,PHL vs. CIN,L,0,49,,,,,,34,40.0,0.85,,,,,,,,,132,-2,0
21963,1610612758,CIN,Cincinnati Royals,0026300307,1964-02-28,CIN @ PHL,W,0,50,,,,,,34,37.0,0.919,,,,,,,,,134,2,0
21963,1610612738,BOS,Boston Celtics,0026300314,1964-02-29,BOS vs. DET,W,0,51,,,,,,13,18.0,0.722,,,,,,,,,115,7,0
21963,1610612765,DET,Detroit Pistons,0026300314,1964-02-29,DET @ BOS,L,0,47,,,,,,14,20.0,0.7,,,,,,,,,108,-7,0
21963,1610612752,NYK,New York Knicks,0026300313,1964-02-29,NYK vs. SFW,L,0,43,,,,,,24,30.0,0.8,,,,,,,,,110,-26,0
21963,1610612744,SFW,San Francisco Warriors,0026300313,1964-02-29,SFW @ NYK,W,0,56,,,,,,24,37.0,0.649,,,,,,,,,136,26,0
21963,1610612758,CIN,Cincinnati Royals,0026300312,1964-02-29,CIN @ PHL,W,0,42,,,,,,33,40.0,0.825,,,,,,,,,117,3,0
21963,1610612755,PHL,Philadelphia 76ers,0026300312,1964-02-29,PHL vs. CIN,L,0,43,,,,,,28,39.0,0.718,,,,,,,,,114,-3,0
21963,1610612747,LAL,Los Angeles Lakers,0026300311,1964-02-29,LAL @ STL,L,0,42,,,,,,30,35.0,0.857,,,,,,,,,114,-1,0
21963,1610612737,STL,St. Louis Hawks,0026300311,1964-02-29,STL vs. LAL,W,0,46,,,,,,23,32.0,0.719,,,,,,,,,115,1,0
21963,1610612747,LAL,Los Angeles Lakers,0026300317,1964-03-01,LAL vs. STL,W,0,40,,,,,,34,39.0,0.872,,,,,,,,,114,23,0
21963,1610612737,STL,St. Louis Hawks,0026300317,1964-03-01,STL @ LAL,L,0,33,,,,,,25,36.0,0.694,,,,,,,,,91,-23,0
21963,1610612755,PHL,Philadelphia 76ers,0026300316,1964-03-01,PHL @ BOS,L,0,32,,,,,,29,38.0,0.763,,,,,,,,,93,-15,0
21963,1610612738,BOS,Boston Celtics,0026300316,1964-03-01,BOS vs. PHL,W,0,45,,,,,,18,31.0,0.581,,,,,,,,,108,15,0
21963,1610612744,SFW,San Francisco Warriors,0026300318,1964-03-01,SFW @ DET,W,0,38,,,,,,24,36.0,0.667,,,,,,,,,100,14,0
21963,1610612765,DET,Detroit Pistons,0026300318,1964-03-01,DET vs. SFW,L,0,34,,,,,,18,29.0,0.621,,,,,,,,,86,-14,0
21963,1610612764,BLT,Baltimore Bullets,0026300315,1964-03-01,BLT vs. CIN,L,0,42,,,,,,27,30.0,0.9,,,,,,,,,111,-11,0
21963,1610612758,CIN,Cincinnati Royals,0026300315,1964-03-01,CIN @ BLT,W,0,49,,,,,,24,32.0,0.75,,,,,,,,,122,11,0
21963,1610612744,SFW,San Francisco Warriors,0026300319,1964-03-02,SFW vs. STL,L,0,40,,,,,,22,37.0,0.595,,,,,,,,,102,-9,0
21963,1610612737,STL,St. Louis Hawks,0026300319,1964-03-02,STL @ SFW,W,0,43,,,,,,25,30.0,0.833,,,,,,,,,111,9,0
21963,1610612758,CIN,Cincinnati Royals,0026300320,1964-03-03,CIN @ NYK,W,0,44,,,,,,29,38.0,0.763,,,,,,,,,117,9,0
21963,1610612752,NYK,New York Knicks,0026300320,1964-03-03,NYK vs. CIN,L,0,44,,,,,,20,24.0,0.833,,,,,,,,,108,-9,0
21963,1610612738,BOS,Boston Celtics,0026300321,1964-03-03,BOS vs. PHL,W,0,47,,,,,,14,21.0,0.667,,,,,,,,,108,14,0
21963,1610612755,PHL,Philadelphia 76ers,0026300321,1964-03-03,PHL @ BOS,L,0,34,,,,,,26,33.0,0.788,,,,,,,,,94,-14,0
21963,1610612747,LAL,Los Angeles Lakers,0026300324,1964-03-04,LAL vs. STL,L,0,37,76.0,0.487,,,,31,42.0,0.738,,,41.0,,,,,28.0,105,-5,0
21963,1610612737,STL,St. Louis Hawks,0026300324,1964-03-04,STL @ LAL,W,0,39,85.0,0.459,,,,32,36.0,0.889,,,53.0,,,,,30.0,110,5,0
21963,1610612738,BOS,Boston Celtics,0026300322,1964-03-04,BOS vs. CIN,W,0,47,,,,,,18,23.0,0.783,,,,,,,,,112,4,0
21963,1610612758,CIN,Cincinnati Royals,0026300322,1964-03-04,CIN @ BOS,L,0,41,,,,,,26,37.0,0.703,,,,,,,,,108,-4,0
21963,1610612752,NYK,New York Knicks,0026300323,1964-03-04,NYK @ BLT,L,0,41,,,,,,26,39.0,0.667,,,,,,,,,108,-7,0
21963,1610612764,BLT,Baltimore Bullets,0026300323,1964-03-04,BLT vs. NYK,W,0,43,,,,,,29,49.0,0.592,,,,,,,,,115,7,0
21963,1610612737,STL,St. Louis Hawks,0026300326,1964-03-05,STL @ SFW,W,0,39,,,,,,26,32.0,0.813,,,,,,,,,104,2,0
21963,1610612744,SFW,San Francisco Warriors,0026300326,1964-03-05,SFW vs. STL,L,0,40,,,,,,22,38.0,0.579,,,,,,,,,102,-2,0
21963,1610612765,DET,Detroit Pistons,0026300325,1964-03-05,DET vs. BLT,W,0,46,,,,,,33,48.0,0.688,,,,,,,,,125,5,0
21963,1610612764,BLT,Baltimore Bullets,0026300325,1964-03-05,BLT @ DET,L,0,48,,,,,,24,40.0,0.6,,,,,,,,,120,-5,0
21963,1610612758,CIN,Cincinnati Royals,0026300327,1964-03-05,CIN vs. BOS,W,0,43,,,,,,25,33.0,0.758,,,,,,,,,111,10,0
21963,1610612738,BOS,Boston Celtics,0026300327,1964-03-05,BOS @ CIN,L,0,36,,,,,,29,32.0,0.906,,,,,,,,,101,-10,0
21963,1610612738,BOS,Boston Celtics,0026300331,1964-03-07,BOS @ DET,W,0,47,,,,,,18,28.0,0.643,,,,,,,,,112,18,0
21963,1610612765,DET,Detroit Pistons,0026300331,1964-03-07,DET vs. BOS,L,0,37,,,,,,20,26.0,0.769,,,,,,,,,94,-18,0
21963,1610612747,LAL,Los Angeles Lakers,0026300328,1964-03-07,LAL vs. SFW,L,0,45,81.0,0.556,,,,28,38.0,0.737,,,53.0,31.0,,,,26.0,118,-2,0
21963,1610612744,SFW,San Francisco Warriors,0026300328,1964-03-07,SFW @ LAL,W,0,51,100.0,0.51,,,,18,38.0,0.474,,,44.0,19.0,,,,27.0,120,2,0
21963,1610612755,PHL,Philadelphia 76ers,0026300329,1964-03-07,PHL vs. NYK,W,0,47,,,,,,36,48.0,0.75,,,,,,,,,130,15,0
21963,1610612752,NYK,New York Knicks,0026300329,1964-03-07,NYK @ PHL,L,0,45,,,,,,25,32.0,0.781,,,,,,,,,115,-15,0
21963,1610612758,CIN,Cincinnati Royals,0026300330,1964-03-07,CIN vs. BLT,W,0,43,,,,,,18,30.0,0.6,,,,,,,,,104,3,0
21963,1610612764,BLT,Baltimore Bullets,0026300330,1964-03-07,BLT @ CIN,L,0,40,,,,,,21,34.0,0.618,,,,,,,,,101,-3,0
21963,1610612764,BLT,Baltimore Bullets,0026300333,1964-03-08,BLT @ STL,L,0,46,,,,,,25,34.0,0.735,,,,,,,,,117,-18,0
21963,1610612737,STL,St. Louis Hawks,0026300333,1964-03-08,STL vs. BLT,W,0,55,,,,,,25,34.0,0.735,,,,,,,,,135,18,0
21963,1610612738,BOS,Boston Celtics,0026300332,1964-03-08,BOS vs. DET,W,0,53,,,,,,22,29.0,0.759,,,,,,,,,128,10,0
21963,1610612765,DET,Detroit Pistons,0026300332,1964-03-08,DET @ BOS,L,0,47,,,,,,24,32.0,0.75,,,,,,,,,118,-10,0
21963,1610612752,NYK,New York Knicks,0026300334,1964-03-08,NYK vs. PHL,W,0,58,,,,,,24,28.0,0.857,,,,,,,,,140,32,0
21963,1610612755,PHL,Philadelphia 76ers,0026300334,1964-03-08,PHL @ NYK,L,0,40,,,,,,28,34.0,0.824,,,,,,,,,108,-32,0
21963,1610612764,BLT,Baltimore Bullets,0026300335,1964-03-09,BLT @ LAL,L,0,45,94.0,0.479,,,,22,33.0,0.667,,,45.0,30.0,,,,29.0,112,-10,0
21963,1610612747,LAL,Los Angeles Lakers,0026300335,1964-03-09,LAL vs. BLT,W,0,48,83.0,0.578,,,,26,34.0,0.765,,,44.0,30.0,,,,31.0,122,10,0
21963,1610612764,BLT,Baltimore Bullets,0026300336,1964-03-10,BLT @ SFW,L,0,47,,,,,,17,29.0,0.586,,,,,,,,,111,-18,0
21963,1610612744,SFW,San Francisco Warriors,0026300336,1964-03-10,SFW vs. BLT,W,0,56,,,,,,17,26.0,0.654,,,,,,,,,129,18,0
21963,1610612752,NYK,New York Knicks,0026300337,1964-03-10,NYK vs. STL,L,0,41,,,,,,23,32.0,0.719,,,,,,,,,105,-19,0
21963,1610612737,STL,St. Louis Hawks,0026300337,1964-03-10,STL @ NYK,W,0,49,,,,,,26,31.0,0.839,,,,,,,,,124,19,0
21963,1610612758,CIN,Cincinnati Royals,0026300338,1964-03-10,CIN @ DET,L,0,43,,,,,,17,23.0,0.739,,,,,,,,,103,-11,0
21963,1610612765,DET,Detroit Pistons,0026300338,1964-03-10,DET vs. CIN,W,0,47,,,,,,20,31.0,0.645,,,,,,,,,114,11,0
21963,1610612764,BLT,Baltimore Bullets,0026300340,1964-03-11,BLT @ LAL,L,0,38,79.0,0.481,,,,33,43.0,0.767,,,52.0,,,,,29.0,109,-6,0
21963,1610612747,LAL,Los Angeles Lakers,0026300340,1964-03-11,LAL vs. BLT,W,0,45,94.0,0.479,,,,25,33.0,0.758,,,49.0,,,,,24.0,115,6,0
21963,1610612755,PHL,Philadelphia 76ers,0026300339,1964-03-11,PHL @ STL,W,0,46,,,,,,32,37.0,0.865,,,,,,,,,124,13,0
21963,1610612737,STL,St. Louis Hawks,0026300339,1964-03-11,STL vs. PHL,L,0,41,,,,,,29,38.0,0.763,,,,,,,,,111,-13,0
21963,1610612738,BOS,Boston Celtics,0026300341,1964-03-12,BOS vs. DET,W,0,59,,,,,,22,30.0,0.733,,,,,,,,,140,20,0
21963,1610612765,DET,Detroit Pistons,0026300341,1964-03-12,DET @ BOS,L,0,49,,,,,,22,28.0,0.786,,,,,,,,,120,-20,0
21963,1610612744,SFW,San Francisco Warriors,0026300343,1964-03-12,SFW vs. BLT,W,0,54,,,,,,17,24.0,0.708,,,,,,,,,125,23,0
21963,1610612764,BLT,Baltimore Bullets,0026300343,1964-03-12,BLT @ SFW,L,0,39,,,,,,24,29.0,0.828,,,,,,,,,102,-23,0
21963,1610612758,CIN,Cincinnati Royals,0026300342,1964-03-12,CIN vs. PHL,W,0,52,,,,,,24,31.0,0.774,,,,,,,,,128,17,0
21963,1610612755,PHL,Philadelphia 76ers,0026300342,1964-03-12,PHL @ CIN,L,0,43,,,,,,25,35.0,0.714,,,,,,,,,111,-17,0
21963,1610612747,LAL,Los Angeles Lakers,0026300345,1964-03-13,LAL @ SFW,W,0,42,90.0,0.467,,,,28,37.0,0.757,,,44.0,20.0,,,,24.0,112,3,0
21963,1610612744,SFW,San Francisco Warriors,0026300345,1964-03-13,SFW vs. LAL,L,0,44,89.0,0.494,,,,21,32.0,0.656,,,56.0,28.0,,,,31.0,109,-3,0
21963,1610612765,DET,Detroit Pistons,0026300344,1964-03-13,DET @ PHL,W,0,52,,,,,,29,40.0,0.725,,,,,,,,,133,11,0
21963,1610612755,PHL,Philadelphia 76ers,0026300344,1964-03-13,PHL vs. DET,L,0,45,,,,,,32,41.0,0.78,,,,,,,,,122,-11,0
21963,1610612747,LAL,Los Angeles Lakers,0026300349,1964-03-14,LAL vs. SFW,L,0,34,,,,,,27,36.0,0.75,,,,,,,,,95,-16,0
21963,1610612744,SFW,San Francisco Warriors,0026300349,1964-03-14,SFW @ LAL,W,0,45,,,,,,21,34.0,0.618,,,,,,,,,111,16,0
21963,1610612737,STL,St. Louis Hawks,0026300348,1964-03-14,STL vs. CIN,W,0,41,,,,,,36,43.0,0.837,,,,,,,,,118,8,0
21963,1610612758,CIN,Cincinnati Royals,0026300348,1964-03-14,CIN @ STL,L,0,44,,,,,,22,28.0,0.786,,,,,,,,,110,-8,0
21963,1610612765,DET,Detroit Pistons,0026300346,1964-03-14,DET vs. NYK,W,0,54,,,,,,18,28.0,0.643,,,,,,,,,126,2,0
21963,1610612752,NYK,New York Knicks,0026300346,1964-03-14,NYK @ DET,L,0,47,,,,,,30,41.0,0.732,,,,,,,,,124,-2,0
21963,1610612755,PHL,Philadelphia 76ers,0026300347,1964-03-14,PHL vs. BLT,W,0,50,,,,,,28,35.0,0.8,,,,,,,,,128,6,0
21963,1610612764,BLT,Baltimore Bullets,0026300347,1964-03-14,BLT @ PHL,L,0,46,,,,,,30,40.0,0.75,,,,,,,,,122,-6,0
21963,1610612747,LAL,Los Angeles Lakers,0026300353,1964-03-15,LAL vs. PHL,W,0,45,,,,,,30,38.0,0.789,,,,,,,,,120,25,0
21963,1610612755,PHL,Philadelphia 76ers,0026300353,1964-03-15,PHL @ LAL,L,0,36,,,,,,23,28.0,0.821,,,,,,,,,95,-25,0
21963,1610612764,BLT,Baltimore Bullets,0026300351,1964-03-15,BLT @ BOS,L,0,44,,,,,,17,32.0,0.531,,,,,,,,,105,-24,0
21963,1610612738,BOS,Boston Celtics,0026300351,1964-03-15,BOS vs. BLT,W,0,56,,,,,,17,24.0,0.708,,,,,,,,,129,24,0
21963,1610612752,NYK,New York Knicks,0026300350,1964-03-15,NYK vs. DET,W,0,53,,,,,,33,44.0,0.75,,,,,,,,,139,14,0
21963,1610612765,DET,Detroit Pistons,0026300350,1964-03-15,DET @ NYK,L,0,46,,,,,,33,42.0,0.786,,,,,,,,,125,-14,0
21963,1610612737,STL,St. Louis Hawks,0026300352,1964-03-15,STL @ CIN,L,0,40,,,,,,21,29.0,0.724,,,,,,,,,101,-23,0
21963,1610612758,CIN,Cincinnati Royals,0026300352,1964-03-15,CIN vs. STL,W,0,49,,,,,,26,30.0,0.867,,,,,,,,,124,23,0
21963,1610612755,PHL,Philadelphia 76ers,0026300354,1964-03-16,PHL @ SFW,W,0,44,,,,,,23,27.0,0.852,,,,,,,,,111,1,0
21963,1610612744,SFW,San Francisco Warriors,0026300354,1964-03-16,SFW vs. PHL,L,0,45,,,,,,20,28.0,0.714,,,,,,,,,110,-1,0
21963,1610612755,PHL,Philadelphia 76ers,0026300357,1964-03-17,PHL @ LAL,L,0,40,84.0,0.476,,,,17,22.0,0.773,,,43.0,23.0,,,,33.0,97,-24,0
21963,1610612747,LAL,Los Angeles Lakers,0026300357,1964-03-17,LAL vs. PHL,W,0,47,86.0,0.547,,,,27,39.0,0.692,,,43.0,32.0,,,,24.0,121,24,0
21963,1610612737,STL,St. Louis Hawks,0026300356,1964-03-17,STL vs. DET,W,0,44,,,,,,27,31.0,0.871,,,,,,,,,115,16,0
21963,1610612765,DET,Detroit Pistons,0026300356,1964-03-17,DET @ STL,L,0,33,,,,,,33,50.0,0.66,,,,,,,,,99,-16,0
21963,1610612738,BOS,Boston Celtics,0026300355,1964-03-17,BOS vs. NYK,W,0,58,,,,,,11,18.0,0.611,,,,,,,,,127,6,0
21963,1610612752,NYK,New York Knicks,0026300355,1964-03-17,NYK @ BOS,L,0,51,,,,,,19,27.0,0.704,,,,,,,,,121,-6,0
21963,1610612744,SFW,San Francisco Warriors,0026300360,1964-03-18,SFW vs. PHL,W,0,34,,,,,,21,33.0,0.636,,,,,,,,,89,4,0
21963,1610612755,PHL,Philadelphia 76ers,0026300360,1964-03-18,PHL @ SFW,L,0,35,,,,,,15,27.0,0.556,,,,,,,,,85,-4,0
21963,1610612737,STL,St. Louis Hawks,0026300358,1964-03-18,STL @ DET,L,0,33,,,,,,30,41.0,0.732,,,,,,,,,96,-10,0
21963,1610612765,DET,Detroit Pistons,0026300358,1964-03-18,DET vs. STL,W,0,41,,,,,,24,36.0,0.667,,,,,,,,,106,10,0
21963,1610612738,BOS,Boston Celtics,0026300359,1964-03-18,BOS @ BLT,L,0,41,,,,,,13,19.0,0.684,,,,,,,,,95,-13,0
21963,1610612764,BLT,Baltimore Bullets,0026300359,1964-03-18,BLT vs. BOS,W,0,45,,,,,,18,29.0,0.621,,,,,,,,,108,13,0
